-8,-36,2LedhQeDL/i+7F4y/sQR1q5I37c=,XCTrFNONHemFwxRkbpNW2iWCq8E=
-9,-36,2LedhQeDL/i+7F4y/sQR1q5I37c=,5n6S8b1GITd5BZrJDnSiHnPdEKM=
-8,-37,2LedhQeDL/i+7F4y/sQR1q5I37c=,uq/442qGJwZ2SRZpfwKE1x32YJs=
-9,-37,2LedhQeDL/i+7F4y/sQR1q5I37c=,uoF8cqrpss2wvuk/1gO7+UFO6mU=
-10,-35,6FRADoooWqd9BMA6mpPTU0Ulsrc=,5n6S8b1GITd5BZrJDnSiHnPdEKM=
-10,-34,6FRADoooWqd9BMA6mpPTU0Ulsrc=,5n6S8b1GITd5BZrJDnSiHnPdEKM=
-11,-35,6FRADoooWqd9BMA6mpPTU0Ulsrc=,Wx2Hg2xLPKUhlAeyB7LVf6UoeSE=
-11,-34,6FRADoooWqd9BMA6mpPTU0Ulsrc=,Pfa4YSrCx5kzammcSR1KaUYuQOk=
-8,-35,6FRADoooWqd9BMA6mpPTU0Ulsrc=,XCTrFNONHemFwxRkbpNW2iWCq8E=
-9,-34,6FRADoooWqd9BMA6mpPTU0Ulsrc=,5n6S8b1GITd5BZrJDnSiHnPdEKM=
-9,-35,6FRADoooWqd9BMA6mpPTU0Ulsrc=,5n6S8b1GITd5BZrJDnSiHnPdEKM=
-8,-34,6FRADoooWqd9BMA6mpPTU0Ulsrc=,iJrzBVz234hIpNHrLH8oQ7X/mdA=
-10,-37,u/qy0rbSvm4Npf/CFiA3tCDkpAg=,uoF8cqrpss2wvuk/1gO7+UFO6mU=
-10,-36,u/qy0rbSvm4Npf/CFiA3tCDkpAg=,5n6S8b1GITd5BZrJDnSiHnPdEKM=
-11,-37,u/qy0rbSvm4Npf/CFiA3tCDkpAg=,9nYh2s2XP+0UiDSOFTPfYjl1oJk=
-11,-36,u/qy0rbSvm4Npf/CFiA3tCDkpAg=,Wx2Hg2xLPKUhlAeyB7LVf6UoeSE=
-12,-36,u/qy0rbSvm4Npf/CFiA3tCDkpAg=,Wx2Hg2xLPKUhlAeyB7LVf6UoeSE=
-13,-36,u/qy0rbSvm4Npf/CFiA3tCDkpAg=,Wx2Hg2xLPKUhlAeyB7LVf6UoeSE=
-13,-37,u/qy0rbSvm4Npf/CFiA3tCDkpAg=,xFVvWU3ERjc9/ODvphALFpwYZqM=
-12,-37,u/qy0rbSvm4Npf/CFiA3tCDkpAg=,9nYh2s2XP+0UiDSOFTPfYjl1oJk=
-12,-39,mUNnqsaGa2HklzSiAjKxikHm19E=,jtiDIZu4dw44V1p6CHDRLWHXeK4=
-13,-39,mUNnqsaGa2HklzSiAjKxikHm19E=,xFVvWU3ERjc9/ODvphALFpwYZqM=
-12,-38,mUNnqsaGa2HklzSiAjKxikHm19E=,9nYh2s2XP+0UiDSOFTPfYjl1oJk=
-13,-38,mUNnqsaGa2HklzSiAjKxikHm19E=,xFVvWU3ERjc9/ODvphALFpwYZqM=
-13,-34,7lWtdqTIOWaZM0FiKSZWhrkOqvw=,NajtaA8rwffuEBSTUM9z4sPrICc=
-12,-34,7lWtdqTIOWaZM0FiKSZWhrkOqvw=,Pfa4YSrCx5kzammcSR1KaUYuQOk=
-15,-37,7lWtdqTIOWaZM0FiKSZWhrkOqvw=,mWbNmJwfT97KwPWzeyfodCsjy5E=
-15,-36,7lWtdqTIOWaZM0FiKSZWhrkOqvw=,mWbNmJwfT97KwPWzeyfodCsjy5E=
-13,-35,7lWtdqTIOWaZM0FiKSZWhrkOqvw=,Wx2Hg2xLPKUhlAeyB7LVf6UoeSE=
-12,-35,7lWtdqTIOWaZM0FiKSZWhrkOqvw=,Wx2Hg2xLPKUhlAeyB7LVf6UoeSE=
-14,-37,7lWtdqTIOWaZM0FiKSZWhrkOqvw=,xFVvWU3ERjc9/ODvphALFpwYZqM=
-14,-36,7lWtdqTIOWaZM0FiKSZWhrkOqvw=,Wx2Hg2xLPKUhlAeyB7LVf6UoeSE=
-15,-39,6oqX3MAbZ7Myg/tRxeBQub/ewGU=,+2o4mOoIBUEkhPBWDONg92K0m6M=
-14,-39,6oqX3MAbZ7Myg/tRxeBQub/ewGU=,xFVvWU3ERjc9/ODvphALFpwYZqM=
-15,-38,6oqX3MAbZ7Myg/tRxeBQub/ewGU=,mWbNmJwfT97KwPWzeyfodCsjy5E=
-14,-38,6oqX3MAbZ7Myg/tRxeBQub/ewGU=,xFVvWU3ERjc9/ODvphALFpwYZqM=
-15,-35,6oqX3MAbZ7Myg/tRxeBQub/ewGU=,mWbNmJwfT97KwPWzeyfodCsjy5E=
-14,-34,6oqX3MAbZ7Myg/tRxeBQub/ewGU=,NajtaA8rwffuEBSTUM9z4sPrICc=
-15,-34,6oqX3MAbZ7Myg/tRxeBQub/ewGU=,FPt4ZgUJ8YYA7n5rk/Lo97RR6xw=
-14,-35,6oqX3MAbZ7Myg/tRxeBQub/ewGU=,Wx2Hg2xLPKUhlAeyB7LVf6UoeSE=
-16,-36,+97oAfBv5Ym9iqWX0gXConTjZk8=,mWbNmJwfT97KwPWzeyfodCsjy5E=
-16,-37,+97oAfBv5Ym9iqWX0gXConTjZk8=,mWbNmJwfT97KwPWzeyfodCsjy5E=
-16,-35,7qIagoRKotZ4yYPjFl+lXrZbfhA=,mWbNmJwfT97KwPWzeyfodCsjy5E=
-13,-33,7qIagoRKotZ4yYPjFl+lXrZbfhA=,NajtaA8rwffuEBSTUM9z4sPrICc=
-16,-34,7qIagoRKotZ4yYPjFl+lXrZbfhA=,FPt4ZgUJ8YYA7n5rk/Lo97RR6xw=
-12,-33,7qIagoRKotZ4yYPjFl+lXrZbfhA=,Pfa4YSrCx5kzammcSR1KaUYuQOk=
-14,-33,7qIagoRKotZ4yYPjFl+lXrZbfhA=,NajtaA8rwffuEBSTUM9z4sPrICc=
-15,-33,7qIagoRKotZ4yYPjFl+lXrZbfhA=,FPt4ZgUJ8YYA7n5rk/Lo97RR6xw=
-10,-33,puz9WdG6lQ3yj+g1nszwteaSB8U=,5n6S8b1GITd5BZrJDnSiHnPdEKM=
-11,-33,puz9WdG6lQ3yj+g1nszwteaSB8U=,Pfa4YSrCx5kzammcSR1KaUYuQOk=
-9,-33,puz9WdG6lQ3yj+g1nszwteaSB8U=,5n6S8b1GITd5BZrJDnSiHnPdEKM=
-8,-33,puz9WdG6lQ3yj+g1nszwteaSB8U=,iJrzBVz234hIpNHrLH8oQ7X/mdA=
-6,-35,puz9WdG6lQ3yj+g1nszwteaSB8U=,uq/442qGJwZ2SRZpfwKE1x32YJs=
-6,-34,puz9WdG6lQ3yj+g1nszwteaSB8U=,YzdQhMjLG6uSNEPusDkVv/gLdGs=
-7,-35,puz9WdG6lQ3yj+g1nszwteaSB8U=,XCTrFNONHemFwxRkbpNW2iWCq8E=
-7,-34,puz9WdG6lQ3yj+g1nszwteaSB8U=,iJrzBVz234hIpNHrLH8oQ7X/mdA=
-6,-36,4EV/yvx4f9/Q3/9ahzwNKmd8Jdc=,uq/442qGJwZ2SRZpfwKE1x32YJs=
-7,-36,4EV/yvx4f9/Q3/9ahzwNKmd8Jdc=,XCTrFNONHemFwxRkbpNW2iWCq8E=
-7,-37,4EV/yvx4f9/Q3/9ahzwNKmd8Jdc=,uq/442qGJwZ2SRZpfwKE1x32YJs=
-6,-37,4EV/yvx4f9/Q3/9ahzwNKmd8Jdc=,cL3zqfk8sncl3sVZUZEItDzzZj4=
-6,-38,AoMdoD8AVWzmel+nPTXEIGXMZUg=,cL3zqfk8sncl3sVZUZEItDzzZj4=
-6,-41,AoMdoD8AVWzmel+nPTXEIGXMZUg=,otNmNyK+z1QsgOmSa0wIe/obhaI=
-6,-40,AoMdoD8AVWzmel+nPTXEIGXMZUg=,ZpSX4NuhmNulailI8j/y8xjxQg0=
-7,-40,AoMdoD8AVWzmel+nPTXEIGXMZUg=,8x96z3iZ216+09dK/tQzsizbr4w=
-7,-38,AoMdoD8AVWzmel+nPTXEIGXMZUg=,uq/442qGJwZ2SRZpfwKE1x32YJs=
-7,-39,AoMdoD8AVWzmel+nPTXEIGXMZUg=,8x96z3iZ216+09dK/tQzsizbr4w=
-7,-41,AoMdoD8AVWzmel+nPTXEIGXMZUg=,nnKpYDo80ZQyzUvAaS/BgspYRyQ=
-6,-39,AoMdoD8AVWzmel+nPTXEIGXMZUg=,ZpSX4NuhmNulailI8j/y8xjxQg0=
-9,-41,oCzOJ/xHoCtEzcgLUpWV2zWgF0w=,frku1Nlt4BS3uRVy846y48NUVAI=
-8,-41,oCzOJ/xHoCtEzcgLUpWV2zWgF0w=,nnKpYDo80ZQyzUvAaS/BgspYRyQ=
-9,-40,byY/qrvNLkPxqYpPObibSSRqDGA=,OTSiilYniW6mshGIHuBXWBCTsTU=
-10,-38,byY/qrvNLkPxqYpPObibSSRqDGA=,uoF8cqrpss2wvuk/1gO7+UFO6mU=
-8,-40,byY/qrvNLkPxqYpPObibSSRqDGA=,8x96z3iZ216+09dK/tQzsizbr4w=
-9,-39,byY/qrvNLkPxqYpPObibSSRqDGA=,OTSiilYniW6mshGIHuBXWBCTsTU=
-9,-38,byY/qrvNLkPxqYpPObibSSRqDGA=,uoF8cqrpss2wvuk/1gO7+UFO6mU=
-10,-39,byY/qrvNLkPxqYpPObibSSRqDGA=,OTSiilYniW6mshGIHuBXWBCTsTU=
-8,-39,byY/qrvNLkPxqYpPObibSSRqDGA=,8x96z3iZ216+09dK/tQzsizbr4w=
-8,-38,byY/qrvNLkPxqYpPObibSSRqDGA=,uq/442qGJwZ2SRZpfwKE1x32YJs=
-11,-39,byY/qrvNLkPxqYpPObibSSRqDGA=,jtiDIZu4dw44V1p6CHDRLWHXeK4=
-11,-38,byY/qrvNLkPxqYpPObibSSRqDGA=,9nYh2s2XP+0UiDSOFTPfYjl1oJk=
-5,-40,4O1kvgEuf2r+qOy8duU3iK6GGI4=,ZpSX4NuhmNulailI8j/y8xjxQg0=
-5,-41,54lIrvUggCvZapuY7Rw+PktAS6c=,otNmNyK+z1QsgOmSa0wIe/obhaI=
-6,-48,54lIrvUggCvZapuY7Rw+PktAS6c=,nqiyGq2FYjx4ftrs9muvrYVrrVQ=
-5,-48,54lIrvUggCvZapuY7Rw+PktAS6c=,nqiyGq2FYjx4ftrs9muvrYVrrVQ=
-5,-47,54lIrvUggCvZapuY7Rw+PktAS6c=,nqiyGq2FYjx4ftrs9muvrYVrrVQ=
-5,-39,54lIrvUggCvZapuY7Rw+PktAS6c=,ZpSX4NuhmNulailI8j/y8xjxQg0=
-5,-37,54lIrvUggCvZapuY7Rw+PktAS6c=,cL3zqfk8sncl3sVZUZEItDzzZj4=
-5,-36,54lIrvUggCvZapuY7Rw+PktAS6c=,uq/442qGJwZ2SRZpfwKE1x32YJs=
-7,-48,54lIrvUggCvZapuY7Rw+PktAS6c=,o0xC7G9K/6kbdsjttuXt1Nfzozk=
-5,-38,54lIrvUggCvZapuY7Rw+PktAS6c=,cL3zqfk8sncl3sVZUZEItDzzZj4=
-8,-47,54lIrvUggCvZapuY7Rw+PktAS6c=,o0xC7G9K/6kbdsjttuXt1Nfzozk=
-5,-46,54lIrvUggCvZapuY7Rw+PktAS6c=,o0xC7G9K/6kbdsjttuXt1Nfzozk=
-6,-47,54lIrvUggCvZapuY7Rw+PktAS6c=,nqiyGq2FYjx4ftrs9muvrYVrrVQ=
-7,-47,54lIrvUggCvZapuY7Rw+PktAS6c=,o0xC7G9K/6kbdsjttuXt1Nfzozk=
-5,-35,54lIrvUggCvZapuY7Rw+PktAS6c=,uq/442qGJwZ2SRZpfwKE1x32YJs=
-5,-34,54lIrvUggCvZapuY7Rw+PktAS6c=,YzdQhMjLG6uSNEPusDkVv/gLdGs=
-9,-46,54lIrvUggCvZapuY7Rw+PktAS6c=,o8LwCVEVFXOlK+7KxSxIkijqoEs=
-6,-46,54lIrvUggCvZapuY7Rw+PktAS6c=,o0xC7G9K/6kbdsjttuXt1Nfzozk=
-8,-46,54lIrvUggCvZapuY7Rw+PktAS6c=,lTSiBBjjkLedu87cQzNV2K+L3z0=
-7,-46,54lIrvUggCvZapuY7Rw+PktAS6c=,lTSiBBjjkLedu87cQzNV2K+L3z0=
-9,-42,54lIrvUggCvZapuY7Rw+PktAS6c=,frku1Nlt4BS3uRVy846y48NUVAI=
-9,-45,54lIrvUggCvZapuY7Rw+PktAS6c=,o8LwCVEVFXOlK+7KxSxIkijqoEs=
-9,-44,54lIrvUggCvZapuY7Rw+PktAS6c=,CTQqbXmWVXm07GMMjVN4qxOIgzo=
-9,-43,54lIrvUggCvZapuY7Rw+PktAS6c=,CTQqbXmWVXm07GMMjVN4qxOIgzo=
-10,-42,54lIrvUggCvZapuY7Rw+PktAS6c=,frku1Nlt4BS3uRVy846y48NUVAI=
-10,-43,54lIrvUggCvZapuY7Rw+PktAS6c=,CTQqbXmWVXm07GMMjVN4qxOIgzo=
-11,-40,54lIrvUggCvZapuY7Rw+PktAS6c=,jtiDIZu4dw44V1p6CHDRLWHXeK4=
-10,-41,54lIrvUggCvZapuY7Rw+PktAS6c=,frku1Nlt4BS3uRVy846y48NUVAI=
-10,-40,54lIrvUggCvZapuY7Rw+PktAS6c=,OTSiilYniW6mshGIHuBXWBCTsTU=
-8,-42,54lIrvUggCvZapuY7Rw+PktAS6c=,nnKpYDo80ZQyzUvAaS/BgspYRyQ=
-8,-45,54lIrvUggCvZapuY7Rw+PktAS6c=,lTSiBBjjkLedu87cQzNV2K+L3z0=
-8,-43,54lIrvUggCvZapuY7Rw+PktAS6c=,0Gd+1Teb6RmH+vLgdC7ruJ641wI=
-8,-44,54lIrvUggCvZapuY7Rw+PktAS6c=,0Gd+1Teb6RmH+vLgdC7ruJ641wI=
-5,-45,54lIrvUggCvZapuY7Rw+PktAS6c=,o0xC7G9K/6kbdsjttuXt1Nfzozk=
-5,-43,54lIrvUggCvZapuY7Rw+PktAS6c=,EGrKdr55Qvs8EUM5M4HArgokEUU=
-5,-44,54lIrvUggCvZapuY7Rw+PktAS6c=,EGrKdr55Qvs8EUM5M4HArgokEUU=
-5,-42,54lIrvUggCvZapuY7Rw+PktAS6c=,otNmNyK+z1QsgOmSa0wIe/obhaI=
-10,-45,54lIrvUggCvZapuY7Rw+PktAS6c=,o8LwCVEVFXOlK+7KxSxIkijqoEs=
-10,-44,54lIrvUggCvZapuY7Rw+PktAS6c=,CTQqbXmWVXm07GMMjVN4qxOIgzo=
-13,-40,54lIrvUggCvZapuY7Rw+PktAS6c=,xFVvWU3ERjc9/ODvphALFpwYZqM=
-14,-40,54lIrvUggCvZapuY7Rw+PktAS6c=,xFVvWU3ERjc9/ODvphALFpwYZqM=
-15,-40,54lIrvUggCvZapuY7Rw+PktAS6c=,+2o4mOoIBUEkhPBWDONg92K0m6M=
-10,-46,54lIrvUggCvZapuY7Rw+PktAS6c=,o8LwCVEVFXOlK+7KxSxIkijqoEs=
-8,-48,54lIrvUggCvZapuY7Rw+PktAS6c=,o0xC7G9K/6kbdsjttuXt1Nfzozk=
-12,-40,54lIrvUggCvZapuY7Rw+PktAS6c=,jtiDIZu4dw44V1p6CHDRLWHXeK4=
-6,-45,54lIrvUggCvZapuY7Rw+PktAS6c=,o0xC7G9K/6kbdsjttuXt1Nfzozk=
-6,-44,54lIrvUggCvZapuY7Rw+PktAS6c=,EGrKdr55Qvs8EUM5M4HArgokEUU=
-6,-42,54lIrvUggCvZapuY7Rw+PktAS6c=,otNmNyK+z1QsgOmSa0wIe/obhaI=
-6,-43,54lIrvUggCvZapuY7Rw+PktAS6c=,EGrKdr55Qvs8EUM5M4HArgokEUU=
-7,-45,54lIrvUggCvZapuY7Rw+PktAS6c=,lTSiBBjjkLedu87cQzNV2K+L3z0=
-7,-44,54lIrvUggCvZapuY7Rw+PktAS6c=,0Gd+1Teb6RmH+vLgdC7ruJ641wI=
-7,-42,54lIrvUggCvZapuY7Rw+PktAS6c=,nnKpYDo80ZQyzUvAaS/BgspYRyQ=
-7,-43,54lIrvUggCvZapuY7Rw+PktAS6c=,0Gd+1Teb6RmH+vLgdC7ruJ641wI=
-16,-40,54lIrvUggCvZapuY7Rw+PktAS6c=,+2o4mOoIBUEkhPBWDONg92K0m6M=
-16,-39,54lIrvUggCvZapuY7Rw+PktAS6c=,+2o4mOoIBUEkhPBWDONg92K0m6M=
-16,-38,54lIrvUggCvZapuY7Rw+PktAS6c=,mWbNmJwfT97KwPWzeyfodCsjy5E=
-5,-33,54lIrvUggCvZapuY7Rw+PktAS6c=,YzdQhMjLG6uSNEPusDkVv/gLdGs=
-6,-33,54lIrvUggCvZapuY7Rw+PktAS6c=,YzdQhMjLG6uSNEPusDkVv/gLdGs=
-7,-33,54lIrvUggCvZapuY7Rw+PktAS6c=,iJrzBVz234hIpNHrLH8oQ7X/mdA=
-16,-33,54lIrvUggCvZapuY7Rw+PktAS6c=,FPt4ZgUJ8YYA7n5rk/Lo97RR6xw=
-19,-34,dhn/xhmGrc1O5yt/7dunjxY/K2Q=,9RcdbwU8ZflcxS6s/PczL7+bQvs=
-19,-35,dhn/xhmGrc1O5yt/7dunjxY/K2Q=,GZPzXltOyZqAY+8MJvpNIjW+0UA=
-18,-34,dhn/xhmGrc1O5yt/7dunjxY/K2Q=,quU4nVNkKh/Dak+GBCqXUVd6i7c=
-18,-35,dhn/xhmGrc1O5yt/7dunjxY/K2Q=,UpQVuxPtWqLcYMC5s/DDqZ5VHuw=
-18,-39,dhn/xhmGrc1O5yt/7dunjxY/K2Q=,QhBP22JQLi28IhkJJYotrPo2nZI=
-19,-38,dhn/xhmGrc1O5yt/7dunjxY/K2Q=,Zi3D0JEDo27OzeNtZMiL7jf+sCo=
-19,-37,dhn/xhmGrc1O5yt/7dunjxY/K2Q=,Zi3D0JEDo27OzeNtZMiL7jf+sCo=
-18,-38,dhn/xhmGrc1O5yt/7dunjxY/K2Q=,u69zSgXe/JG4PgZUmH5y7vStdbw=
-19,-36,dhn/xhmGrc1O5yt/7dunjxY/K2Q=,GZPzXltOyZqAY+8MJvpNIjW+0UA=
-17,-39,dhn/xhmGrc1O5yt/7dunjxY/K2Q=,QhBP22JQLi28IhkJJYotrPo2nZI=
-18,-36,dhn/xhmGrc1O5yt/7dunjxY/K2Q=,UpQVuxPtWqLcYMC5s/DDqZ5VHuw=
-18,-37,dhn/xhmGrc1O5yt/7dunjxY/K2Q=,u69zSgXe/JG4PgZUmH5y7vStdbw=
-17,-38,dhn/xhmGrc1O5yt/7dunjxY/K2Q=,u69zSgXe/JG4PgZUmH5y7vStdbw=
-17,-40,dhn/xhmGrc1O5yt/7dunjxY/K2Q=,QhBP22JQLi28IhkJJYotrPo2nZI=
-20,-36,dhn/xhmGrc1O5yt/7dunjxY/K2Q=,GZPzXltOyZqAY+8MJvpNIjW+0UA=
-20,-37,dhn/xhmGrc1O5yt/7dunjxY/K2Q=,Zi3D0JEDo27OzeNtZMiL7jf+sCo=
-20,-35,dhn/xhmGrc1O5yt/7dunjxY/K2Q=,GZPzXltOyZqAY+8MJvpNIjW+0UA=
-20,-34,dhn/xhmGrc1O5yt/7dunjxY/K2Q=,9RcdbwU8ZflcxS6s/PczL7+bQvs=
-20,-38,dhn/xhmGrc1O5yt/7dunjxY/K2Q=,Zi3D0JEDo27OzeNtZMiL7jf+sCo=
-18,-40,dhn/xhmGrc1O5yt/7dunjxY/K2Q=,QhBP22JQLi28IhkJJYotrPo2nZI=
-17,-36,dhn/xhmGrc1O5yt/7dunjxY/K2Q=,UpQVuxPtWqLcYMC5s/DDqZ5VHuw=
-17,-37,dhn/xhmGrc1O5yt/7dunjxY/K2Q=,u69zSgXe/JG4PgZUmH5y7vStdbw=
-20,-33,dhn/xhmGrc1O5yt/7dunjxY/K2Q=,9RcdbwU8ZflcxS6s/PczL7+bQvs=
-19,-33,dhn/xhmGrc1O5yt/7dunjxY/K2Q=,9RcdbwU8ZflcxS6s/PczL7+bQvs=
-17,-35,dhn/xhmGrc1O5yt/7dunjxY/K2Q=,UpQVuxPtWqLcYMC5s/DDqZ5VHuw=
-17,-34,dhn/xhmGrc1O5yt/7dunjxY/K2Q=,quU4nVNkKh/Dak+GBCqXUVd6i7c=
-17,-33,dhn/xhmGrc1O5yt/7dunjxY/K2Q=,quU4nVNkKh/Dak+GBCqXUVd6i7c=
-18,-33,dhn/xhmGrc1O5yt/7dunjxY/K2Q=,quU4nVNkKh/Dak+GBCqXUVd6i7c=
