2,1,Fa5C/AxuopEsgzVCiLosUUnMwg0=,uX4p+8As7hy1dEOneSwNp9RzIi0=
1,1,Fa5C/AxuopEsgzVCiLosUUnMwg0=,aDt/BQg/erkpGW4hAHpOW23wVmc=
2,2,Fa5C/AxuopEsgzVCiLosUUnMwg0=,uX4p+8As7hy1dEOneSwNp9RzIi0=
1,2,Fa5C/AxuopEsgzVCiLosUUnMwg0=,xemaQ9var0kRnkcupNLfzjPzYm8=
2,4,Fa5C/AxuopEsgzVCiLosUUnMwg0=,922QHLyl9dMA75s/oB1jKouNFwk=
2,3,Fa5C/AxuopEsgzVCiLosUUnMwg0=,uX4p+8As7hy1dEOneSwNp9RzIi0=
1,4,Fa5C/AxuopEsgzVCiLosUUnMwg0=,922QHLyl9dMA75s/oB1jKouNFwk=
1,3,Dd4soH00tnBhAJSrcXLy/3gAf1Y=,xemaQ9var0kRnkcupNLfzjPzYm8=
2,5,ZBKRZ8seMjRbe/bJY7YPfgHDR5U=,922QHLyl9dMA75s/oB1jKouNFwk=
2,6,ZBKRZ8seMjRbe/bJY7YPfgHDR5U=,bZ+4D/FLHmhfylu8TOC0/Vn8aNU=
1,5,ZBKRZ8seMjRbe/bJY7YPfgHDR5U=,922QHLyl9dMA75s/oB1jKouNFwk=
1,6,ZBKRZ8seMjRbe/bJY7YPfgHDR5U=,+zwQv3nxm+vp83wsyCSdtGdMCas=
2,8,jsnZoupKrrxPXFn/KMP5+O0xU5E=,l4IwiAxI3hTpu+dsekpkk6o9ZT0=
1,8,jsnZoupKrrxPXFn/KMP5+O0xU5E=,+zwQv3nxm+vp83wsyCSdtGdMCas=
2,7,jsnZoupKrrxPXFn/KMP5+O0xU5E=,bZ+4D/FLHmhfylu8TOC0/Vn8aNU=
1,7,jsnZoupKrrxPXFn/KMP5+O0xU5E=,+zwQv3nxm+vp83wsyCSdtGdMCas=
2,10,VGnrH80pGkia8Q8h+aGgd+Ht4Nw=,rM15DZy2aLpgDSJa5ePg3VyLYcU=
2,9,VGnrH80pGkia8Q8h+aGgd+Ht4Nw=,l4IwiAxI3hTpu+dsekpkk6o9ZT0=
1,10,VGnrH80pGkia8Q8h+aGgd+Ht4Nw=,XsGzKc49nlcrUVtLjRDiSPBv+C4=
1,9,VGnrH80pGkia8Q8h+aGgd+Ht4Nw=,+zwQv3nxm+vp83wsyCSdtGdMCas=
2,12,VGnrH80pGkia8Q8h+aGgd+Ht4Nw=,eFl8d0PKwvJ5RFsn3IcArjEl10s=
2,11,VGnrH80pGkia8Q8h+aGgd+Ht4Nw=,rM15DZy2aLpgDSJa5ePg3VyLYcU=
1,11,VGnrH80pGkia8Q8h+aGgd+Ht4Nw=,XsGzKc49nlcrUVtLjRDiSPBv+C4=
1,12,VGnrH80pGkia8Q8h+aGgd+Ht4Nw=,xREsry6A6f/m0FOasBZ84RLtSHM=
2,14,oxKtqhkjEkSR/X6QSG1sBa29x9E=,G4gjjKa/xSstMP64Na6X39lzTPo=
2,13,oxKtqhkjEkSR/X6QSG1sBa29x9E=,eFl8d0PKwvJ5RFsn3IcArjEl10s=
1,14,oxKtqhkjEkSR/X6QSG1sBa29x9E=,xREsry6A6f/m0FOasBZ84RLtSHM=
1,13,oxKtqhkjEkSR/X6QSG1sBa29x9E=,xREsry6A6f/m0FOasBZ84RLtSHM=
3,14,oxKtqhkjEkSR/X6QSG1sBa29x9E=,G4gjjKa/xSstMP64Na6X39lzTPo=
3,13,oxKtqhkjEkSR/X6QSG1sBa29x9E=,eFl8d0PKwvJ5RFsn3IcArjEl10s=
4,13,oxKtqhkjEkSR/X6QSG1sBa29x9E=,eFl8d0PKwvJ5RFsn3IcArjEl10s=
4,14,oxKtqhkjEkSR/X6QSG1sBa29x9E=,jvVzkznupILbdkbUTBfjqIn6YEw=
4,11,1pPSsg2FAyX8tkv8DT8CXjB83a4=,t8QOWwc3dquPqmlEkDK8Mgm0luI=
4,12,1pPSsg2FAyX8tkv8DT8CXjB83a4=,eFl8d0PKwvJ5RFsn3IcArjEl10s=
3,12,1pPSsg2FAyX8tkv8DT8CXjB83a4=,eFl8d0PKwvJ5RFsn3IcArjEl10s=
3,11,1pPSsg2FAyX8tkv8DT8CXjB83a4=,rM15DZy2aLpgDSJa5ePg3VyLYcU=
4,10,nl/ZdopiCS75OfqhAbwovIxGS8k=,t8QOWwc3dquPqmlEkDK8Mgm0luI=
4,9,nl/ZdopiCS75OfqhAbwovIxGS8k=,qxbsr/py4OkBA0zOC9vEzG/0eKQ=
4,8,nl/ZdopiCS75OfqhAbwovIxGS8k=,qxbsr/py4OkBA0zOC9vEzG/0eKQ=
3,9,nl/ZdopiCS75OfqhAbwovIxGS8k=,l4IwiAxI3hTpu+dsekpkk6o9ZT0=
4,7,nl/ZdopiCS75OfqhAbwovIxGS8k=,bZ+4D/FLHmhfylu8TOC0/Vn8aNU=
3,8,nl/ZdopiCS75OfqhAbwovIxGS8k=,l4IwiAxI3hTpu+dsekpkk6o9ZT0=
3,10,nl/ZdopiCS75OfqhAbwovIxGS8k=,rM15DZy2aLpgDSJa5ePg3VyLYcU=
3,7,nl/ZdopiCS75OfqhAbwovIxGS8k=,bZ+4D/FLHmhfylu8TOC0/Vn8aNU=
4,6,nl/ZdopiCS75OfqhAbwovIxGS8k=,bZ+4D/FLHmhfylu8TOC0/Vn8aNU=
3,5,nl/ZdopiCS75OfqhAbwovIxGS8k=,922QHLyl9dMA75s/oB1jKouNFwk=
3,6,nl/ZdopiCS75OfqhAbwovIxGS8k=,bZ+4D/FLHmhfylu8TOC0/Vn8aNU=
4,5,nl/ZdopiCS75OfqhAbwovIxGS8k=,WEgNGOGp5t61aj/sNn4ST9sit1w=
3,4,GjUPnbKk54akG7xKoLSBcOwN7J8=,922QHLyl9dMA75s/oB1jKouNFwk=
4,4,GjUPnbKk54akG7xKoLSBcOwN7J8=,WEgNGOGp5t61aj/sNn4ST9sit1w=
3,3,GjUPnbKk54akG7xKoLSBcOwN7J8=,uX4p+8As7hy1dEOneSwNp9RzIi0=
4,3,GjUPnbKk54akG7xKoLSBcOwN7J8=,uX4p+8As7hy1dEOneSwNp9RzIi0=
6,1,loZ3GON4cVBqaWOZFKpZKARB0gg=,13haGz5eOjBd5Q/WjlzWt6u4g7o=
6,2,loZ3GON4cVBqaWOZFKpZKARB0gg=,P1GyeS/oIUEl5b3Tx/osr2NOMT8=
3,1,loZ3GON4cVBqaWOZFKpZKARB0gg=,uX4p+8As7hy1dEOneSwNp9RzIi0=
3,2,loZ3GON4cVBqaWOZFKpZKARB0gg=,uX4p+8As7hy1dEOneSwNp9RzIi0=
4,2,loZ3GON4cVBqaWOZFKpZKARB0gg=,uX4p+8As7hy1dEOneSwNp9RzIi0=
4,1,loZ3GON4cVBqaWOZFKpZKARB0gg=,NGndhQuFjC4uUJIXzVYFVQQ96rA=
5,1,loZ3GON4cVBqaWOZFKpZKARB0gg=,NGndhQuFjC4uUJIXzVYFVQQ96rA=
5,2,loZ3GON4cVBqaWOZFKpZKARB0gg=,uX4p+8As7hy1dEOneSwNp9RzIi0=
6,3,YEiaKrhTLn3QyD7jfhPg/HsV9k4=,P1GyeS/oIUEl5b3Tx/osr2NOMT8=
6,4,YEiaKrhTLn3QyD7jfhPg/HsV9k4=,pGqmjpDkdxk8LhCLIrwOM2mDxe0=
5,4,YEiaKrhTLn3QyD7jfhPg/HsV9k4=,WEgNGOGp5t61aj/sNn4ST9sit1w=
5,3,YEiaKrhTLn3QyD7jfhPg/HsV9k4=,uX4p+8As7hy1dEOneSwNp9RzIi0=
6,5,+fKNn3Doji/5M8KFQ4h45WobSYc=,pGqmjpDkdxk8LhCLIrwOM2mDxe0=
6,9,+fKNn3Doji/5M8KFQ4h45WobSYc=,bnJS74ARctCp4OVw83W0CzmmPjA=
6,6,+fKNn3Doji/5M8KFQ4h45WobSYc=,pGqmjpDkdxk8LhCLIrwOM2mDxe0=
6,8,+fKNn3Doji/5M8KFQ4h45WobSYc=,bnJS74ARctCp4OVw83W0CzmmPjA=
5,10,+fKNn3Doji/5M8KFQ4h45WobSYc=,t8QOWwc3dquPqmlEkDK8Mgm0luI=
5,9,+fKNn3Doji/5M8KFQ4h45WobSYc=,qxbsr/py4OkBA0zOC9vEzG/0eKQ=
5,8,+fKNn3Doji/5M8KFQ4h45WobSYc=,qxbsr/py4OkBA0zOC9vEzG/0eKQ=
5,6,+fKNn3Doji/5M8KFQ4h45WobSYc=,bZ+4D/FLHmhfylu8TOC0/Vn8aNU=
5,5,+fKNn3Doji/5M8KFQ4h45WobSYc=,WEgNGOGp5t61aj/sNn4ST9sit1w=
5,7,+fKNn3Doji/5M8KFQ4h45WobSYc=,bZ+4D/FLHmhfylu8TOC0/Vn8aNU=
6,7,+fKNn3Doji/5M8KFQ4h45WobSYc=,pGqmjpDkdxk8LhCLIrwOM2mDxe0=
6,10,+fKNn3Doji/5M8KFQ4h45WobSYc=,iqFZUEJOCL+eozqxmyzszTeF6ac=
6,11,+fKNn3Doji/5M8KFQ4h45WobSYc=,iqFZUEJOCL+eozqxmyzszTeF6ac=
5,11,+fKNn3Doji/5M8KFQ4h45WobSYc=,t8QOWwc3dquPqmlEkDK8Mgm0luI=
5,12,+fKNn3Doji/5M8KFQ4h45WobSYc=,eFl8d0PKwvJ5RFsn3IcArjEl10s=
6,12,+fKNn3Doji/5M8KFQ4h45WobSYc=,1X53RxLIO5Xpx2Vr4dSj42PO1dg=
5,13,jT2XSQegY7BCK2KJHCZHV0rTTHE=,eFl8d0PKwvJ5RFsn3IcArjEl10s=
5,14,jT2XSQegY7BCK2KJHCZHV0rTTHE=,jvVzkznupILbdkbUTBfjqIn6YEw=
6,14,jT2XSQegY7BCK2KJHCZHV0rTTHE=,qqxnJWDiIj0kMabezxeVE3UHKsk=
6,13,jT2XSQegY7BCK2KJHCZHV0rTTHE=,1X53RxLIO5Xpx2Vr4dSj42PO1dg=
7,9,jT2XSQegY7BCK2KJHCZHV0rTTHE=,bnJS74ARctCp4OVw83W0CzmmPjA=
7,10,43kanOlnqtiqYbq42xYyu88lZt0=,iqFZUEJOCL+eozqxmyzszTeF6ac=
8,10,43kanOlnqtiqYbq42xYyu88lZt0=,d/esKeHHz8kXthu4znvy37axzQ0=
8,9,43kanOlnqtiqYbq42xYyu88lZt0=,dLExG5dh1fPGCq1YGTBLTHCJzHM=
7,12,43kanOlnqtiqYbq42xYyu88lZt0=,1X53RxLIO5Xpx2Vr4dSj42PO1dg=
8,12,43kanOlnqtiqYbq42xYyu88lZt0=,iOK5qU5R7OEX7XbQ9unrRy5jvNk=
7,11,43kanOlnqtiqYbq42xYyu88lZt0=,iqFZUEJOCL+eozqxmyzszTeF6ac=
8,11,43kanOlnqtiqYbq42xYyu88lZt0=,d/esKeHHz8kXthu4znvy37axzQ0=
8,14,4W1SDd34Vh7BKuto8K2eTK4BLy8=,+y5Va+UCN6bB2qg/f8dd67VpUAw=
7,13,4W1SDd34Vh7BKuto8K2eTK4BLy8=,1X53RxLIO5Xpx2Vr4dSj42PO1dg=
7,14,4W1SDd34Vh7BKuto8K2eTK4BLy8=,qqxnJWDiIj0kMabezxeVE3UHKsk=
8,13,4W1SDd34Vh7BKuto8K2eTK4BLy8=,iOK5qU5R7OEX7XbQ9unrRy5jvNk=
7,8,IsiI7aVr9yPxAtx71diKLzeId8o=,bnJS74ARctCp4OVw83W0CzmmPjA=
7,7,IsiI7aVr9yPxAtx71diKLzeId8o=,pGqmjpDkdxk8LhCLIrwOM2mDxe0=
8,7,IsiI7aVr9yPxAtx71diKLzeId8o=,oKS0R2pb391JoIbI+7dVNCD1vwg=
8,8,IsiI7aVr9yPxAtx71diKLzeId8o=,dLExG5dh1fPGCq1YGTBLTHCJzHM=
8,6,IsiI7aVr9yPxAtx71diKLzeId8o=,oKS0R2pb391JoIbI+7dVNCD1vwg=
8,3,IsiI7aVr9yPxAtx71diKLzeId8o=,SYmIFRlCo0mL/+a1MzeeAYB6ric=
7,6,IsiI7aVr9yPxAtx71diKLzeId8o=,pGqmjpDkdxk8LhCLIrwOM2mDxe0=
7,4,IsiI7aVr9yPxAtx71diKLzeId8o=,pGqmjpDkdxk8LhCLIrwOM2mDxe0=
7,3,IsiI7aVr9yPxAtx71diKLzeId8o=,P1GyeS/oIUEl5b3Tx/osr2NOMT8=
7,5,IsiI7aVr9yPxAtx71diKLzeId8o=,pGqmjpDkdxk8LhCLIrwOM2mDxe0=
8,4,IsiI7aVr9yPxAtx71diKLzeId8o=,IdtjdPpCty/+y9Yx7nDNo5USFys=
8,5,IsiI7aVr9yPxAtx71diKLzeId8o=,IdtjdPpCty/+y9Yx7nDNo5USFys=
8,2,8jiU/LZQnMy1tu0MAlt1/Rpzknw=,SYmIFRlCo0mL/+a1MzeeAYB6ric=
7,2,8jiU/LZQnMy1tu0MAlt1/Rpzknw=,P1GyeS/oIUEl5b3Tx/osr2NOMT8=
7,1,8jiU/LZQnMy1tu0MAlt1/Rpzknw=,13haGz5eOjBd5Q/WjlzWt6u4g7o=
8,1,8jiU/LZQnMy1tu0MAlt1/Rpzknw=,Lv6M3ODr8fxqansYGqe9OSmH8FQ=
10,5,0hUzTgC+rNLZ79pNVyucBqbNn78=,IdtjdPpCty/+y9Yx7nDNo5USFys=
9,5,0hUzTgC+rNLZ79pNVyucBqbNn78=,IdtjdPpCty/+y9Yx7nDNo5USFys=
10,6,0hUzTgC+rNLZ79pNVyucBqbNn78=,wkEk5fVtTrHGF4x78hY5Nm9bgv4=
9,6,0hUzTgC+rNLZ79pNVyucBqbNn78=,oKS0R2pb391JoIbI+7dVNCD1vwg=
9,4,0hUzTgC+rNLZ79pNVyucBqbNn78=,IdtjdPpCty/+y9Yx7nDNo5USFys=
9,3,0hUzTgC+rNLZ79pNVyucBqbNn78=,SYmIFRlCo0mL/+a1MzeeAYB6ric=
10,4,0hUzTgC+rNLZ79pNVyucBqbNn78=,IdtjdPpCty/+y9Yx7nDNo5USFys=
10,3,0hUzTgC+rNLZ79pNVyucBqbNn78=,klZ/LbiAKEYTXXUAYJjQ56DPLpo=
9,2,D66C5nqUeZXYUsBeHYuZlpFWMpo=,SYmIFRlCo0mL/+a1MzeeAYB6ric=
10,1,D66C5nqUeZXYUsBeHYuZlpFWMpo=,sKuHodCY4Iv/3okNGLaSh1vUQ4k=
9,1,D66C5nqUeZXYUsBeHYuZlpFWMpo=,Lv6M3ODr8fxqansYGqe9OSmH8FQ=
10,2,D66C5nqUeZXYUsBeHYuZlpFWMpo=,klZ/LbiAKEYTXXUAYJjQ56DPLpo=
10,10,tW0I9Zw6nGpBt0cHHZCGwtmV6Do=,d/esKeHHz8kXthu4znvy37axzQ0=
10,9,tW0I9Zw6nGpBt0cHHZCGwtmV6Do=,dLExG5dh1fPGCq1YGTBLTHCJzHM=
9,8,tW0I9Zw6nGpBt0cHHZCGwtmV6Do=,dLExG5dh1fPGCq1YGTBLTHCJzHM=
9,7,tW0I9Zw6nGpBt0cHHZCGwtmV6Do=,oKS0R2pb391JoIbI+7dVNCD1vwg=
9,9,tW0I9Zw6nGpBt0cHHZCGwtmV6Do=,dLExG5dh1fPGCq1YGTBLTHCJzHM=
10,7,tW0I9Zw6nGpBt0cHHZCGwtmV6Do=,wkEk5fVtTrHGF4x78hY5Nm9bgv4=
10,8,tW0I9Zw6nGpBt0cHHZCGwtmV6Do=,dLExG5dh1fPGCq1YGTBLTHCJzHM=
9,10,tW0I9Zw6nGpBt0cHHZCGwtmV6Do=,d/esKeHHz8kXthu4znvy37axzQ0=
9,12,i6QX4SkuimWwSt6dEyVGNVn9Awg=,iOK5qU5R7OEX7XbQ9unrRy5jvNk=
9,11,i6QX4SkuimWwSt6dEyVGNVn9Awg=,d/esKeHHz8kXthu4znvy37axzQ0=
10,11,i6QX4SkuimWwSt6dEyVGNVn9Awg=,d/esKeHHz8kXthu4znvy37axzQ0=
10,12,i6QX4SkuimWwSt6dEyVGNVn9Awg=,iOK5qU5R7OEX7XbQ9unrRy5jvNk=
9,13,UI+nKp+zoYex0gHOCPg6Yagf3pA=,iOK5qU5R7OEX7XbQ9unrRy5jvNk=
9,14,UI+nKp+zoYex0gHOCPg6Yagf3pA=,+y5Va+UCN6bB2qg/f8dd67VpUAw=
10,13,UI+nKp+zoYex0gHOCPg6Yagf3pA=,iOK5qU5R7OEX7XbQ9unrRy5jvNk=
10,14,UI+nKp+zoYex0gHOCPg6Yagf3pA=,+y5Va+UCN6bB2qg/f8dd67VpUAw=
12,10,UI+nKp+zoYex0gHOCPg6Yagf3pA=,G895GF6zBrSZu2ecYMzDP2l5/3c=
12,9,UI+nKp+zoYex0gHOCPg6Yagf3pA=,4+/JQG+6Eix6NOFBrtrv2NimFVQ=
11,10,UI+nKp+zoYex0gHOCPg6Yagf3pA=,d/esKeHHz8kXthu4znvy37axzQ0=
11,9,UI+nKp+zoYex0gHOCPg6Yagf3pA=,dLExG5dh1fPGCq1YGTBLTHCJzHM=
12,11,UI+nKp+zoYex0gHOCPg6Yagf3pA=,G895GF6zBrSZu2ecYMzDP2l5/3c=
12,12,UI+nKp+zoYex0gHOCPg6Yagf3pA=,c1+ivt+pSzdcYsxT1ELfInDCdDQ=
11,11,UI+nKp+zoYex0gHOCPg6Yagf3pA=,d/esKeHHz8kXthu4znvy37axzQ0=
11,12,UI+nKp+zoYex0gHOCPg6Yagf3pA=,iOK5qU5R7OEX7XbQ9unrRy5jvNk=
12,14,WWgPvSUPkmhKsaPsf65bZUEEPcg=,x1YofUs1zaxsnYgyG61AWtSQWvY=
11,14,WWgPvSUPkmhKsaPsf65bZUEEPcg=,+y5Va+UCN6bB2qg/f8dd67VpUAw=
12,13,WWgPvSUPkmhKsaPsf65bZUEEPcg=,c1+ivt+pSzdcYsxT1ELfInDCdDQ=
11,13,WWgPvSUPkmhKsaPsf65bZUEEPcg=,iOK5qU5R7OEX7XbQ9unrRy5jvNk=
11,8,l+qPRol01cjSWCWpR8nDggHs53A=,dLExG5dh1fPGCq1YGTBLTHCJzHM=
12,8,l+qPRol01cjSWCWpR8nDggHs53A=,4+/JQG+6Eix6NOFBrtrv2NimFVQ=
12,7,l+qPRol01cjSWCWpR8nDggHs53A=,EDB78hW0OP8Q//OXIGBeYDRbCNc=
11,6,l+qPRol01cjSWCWpR8nDggHs53A=,wkEk5fVtTrHGF4x78hY5Nm9bgv4=
11,7,l+qPRol01cjSWCWpR8nDggHs53A=,wkEk5fVtTrHGF4x78hY5Nm9bgv4=
11,5,l+qPRol01cjSWCWpR8nDggHs53A=,IdtjdPpCty/+y9Yx7nDNo5USFys=
12,6,l+qPRol01cjSWCWpR8nDggHs53A=,EDB78hW0OP8Q//OXIGBeYDRbCNc=
12,5,l+qPRol01cjSWCWpR8nDggHs53A=,AqgFtKMzz2pEMJfYzlrwqAtA7V0=
12,3,l+qPRol01cjSWCWpR8nDggHs53A=,u4QxVExgCSavDElWFHY6ni3Y+rE=
11,3,H80PQEgaDQtDdU33NYcbbR8ZrRM=,klZ/LbiAKEYTXXUAYJjQ56DPLpo=
11,4,H80PQEgaDQtDdU33NYcbbR8ZrRM=,IdtjdPpCty/+y9Yx7nDNo5USFys=
12,4,H80PQEgaDQtDdU33NYcbbR8ZrRM=,AqgFtKMzz2pEMJfYzlrwqAtA7V0=
12,1,H80PQEgaDQtDdU33NYcbbR8ZrRM=,WqVDb0iGSamjNenJGMhZPoAzQWA=
11,2,H80PQEgaDQtDdU33NYcbbR8ZrRM=,klZ/LbiAKEYTXXUAYJjQ56DPLpo=
12,2,H80PQEgaDQtDdU33NYcbbR8ZrRM=,u4QxVExgCSavDElWFHY6ni3Y+rE=
11,1,LgI+r9tQmKH20lb8Wz/prt8mTNE=,sKuHodCY4Iv/3okNGLaSh1vUQ4k=
14,5,LgI+r9tQmKH20lb8Wz/prt8mTNE=,ZXdBQh56uTmsQL5nJqOITZuFDO4=
13,5,LgI+r9tQmKH20lb8Wz/prt8mTNE=,AqgFtKMzz2pEMJfYzlrwqAtA7V0=
14,6,LgI+r9tQmKH20lb8Wz/prt8mTNE=,As33v2f+85hZJagSH/nlw94tRAA=
13,6,LgI+r9tQmKH20lb8Wz/prt8mTNE=,EDB78hW0OP8Q//OXIGBeYDRbCNc=
14,3,KeR8dN3A03jM1qB/RQIZ0JXCPl8=,fznalEfV9GOqPmaBf88j3OZ0zfE=
13,4,KeR8dN3A03jM1qB/RQIZ0JXCPl8=,AqgFtKMzz2pEMJfYzlrwqAtA7V0=
13,3,KeR8dN3A03jM1qB/RQIZ0JXCPl8=,u4QxVExgCSavDElWFHY6ni3Y+rE=
14,4,KeR8dN3A03jM1qB/RQIZ0JXCPl8=,ZXdBQh56uTmsQL5nJqOITZuFDO4=
13,2,KeR8dN3A03jM1qB/RQIZ0JXCPl8=,u4QxVExgCSavDElWFHY6ni3Y+rE=
14,1,KeR8dN3A03jM1qB/RQIZ0JXCPl8=,b3Eu/uV9AKUk16dF0UkS0lVzjk8=
13,1,KeR8dN3A03jM1qB/RQIZ0JXCPl8=,WqVDb0iGSamjNenJGMhZPoAzQWA=
14,2,KeR8dN3A03jM1qB/RQIZ0JXCPl8=,fznalEfV9GOqPmaBf88j3OZ0zfE=
14,7,4ddIZj3bwvXvVJgJxt8NOoBGcu0=,As33v2f+85hZJagSH/nlw94tRAA=
14,9,4ddIZj3bwvXvVJgJxt8NOoBGcu0=,6H+mmV2rSWbmuDOiJk4RZGBlf48=
14,8,4ddIZj3bwvXvVJgJxt8NOoBGcu0=,6H+mmV2rSWbmuDOiJk4RZGBlf48=
14,10,4ddIZj3bwvXvVJgJxt8NOoBGcu0=,oHIBL4gLJFSno/K15lu7svuKbOE=
13,10,4ddIZj3bwvXvVJgJxt8NOoBGcu0=,G895GF6zBrSZu2ecYMzDP2l5/3c=
13,8,4ddIZj3bwvXvVJgJxt8NOoBGcu0=,4+/JQG+6Eix6NOFBrtrv2NimFVQ=
13,9,4ddIZj3bwvXvVJgJxt8NOoBGcu0=,4+/JQG+6Eix6NOFBrtrv2NimFVQ=
13,7,4ddIZj3bwvXvVJgJxt8NOoBGcu0=,EDB78hW0OP8Q//OXIGBeYDRbCNc=
14,12,CCfoqQQ6QeplQ5i9+wSbNwRJ8pE=,46tyRts5FW5DRbV9ZXitlUTCPKE=
14,11,CCfoqQQ6QeplQ5i9+wSbNwRJ8pE=,oHIBL4gLJFSno/K15lu7svuKbOE=
13,11,CCfoqQQ6QeplQ5i9+wSbNwRJ8pE=,G895GF6zBrSZu2ecYMzDP2l5/3c=
13,12,CCfoqQQ6QeplQ5i9+wSbNwRJ8pE=,c1+ivt+pSzdcYsxT1ELfInDCdDQ=
13,14,CCfoqQQ6QeplQ5i9+wSbNwRJ8pE=,x1YofUs1zaxsnYgyG61AWtSQWvY=
14,14,CCfoqQQ6QeplQ5i9+wSbNwRJ8pE=,rvo4K2COv9nWNVbQCk04x7xD0SM=
13,13,CCfoqQQ6QeplQ5i9+wSbNwRJ8pE=,c1+ivt+pSzdcYsxT1ELfInDCdDQ=
14,13,CCfoqQQ6QeplQ5i9+wSbNwRJ8pE=,46tyRts5FW5DRbV9ZXitlUTCPKE=
13,15,CCfoqQQ6QeplQ5i9+wSbNwRJ8pE=,x1YofUs1zaxsnYgyG61AWtSQWvY=
14,15,CCfoqQQ6QeplQ5i9+wSbNwRJ8pE=,rvo4K2COv9nWNVbQCk04x7xD0SM=
15,14,+3wqwzDLyv0ULEIGKE96ghK5B90=,rvo4K2COv9nWNVbQCk04x7xD0SM=
15,13,+3wqwzDLyv0ULEIGKE96ghK5B90=,46tyRts5FW5DRbV9ZXitlUTCPKE=
12,15,+3wqwzDLyv0ULEIGKE96ghK5B90=,x1YofUs1zaxsnYgyG61AWtSQWvY=
11,15,+3wqwzDLyv0ULEIGKE96ghK5B90=,+y5Va+UCN6bB2qg/f8dd67VpUAw=
9,15,+3wqwzDLyv0ULEIGKE96ghK5B90=,+y5Va+UCN6bB2qg/f8dd67VpUAw=
10,15,+3wqwzDLyv0ULEIGKE96ghK5B90=,+y5Va+UCN6bB2qg/f8dd67VpUAw=
7,15,+3wqwzDLyv0ULEIGKE96ghK5B90=,qqxnJWDiIj0kMabezxeVE3UHKsk=
8,15,+3wqwzDLyv0ULEIGKE96ghK5B90=,+y5Va+UCN6bB2qg/f8dd67VpUAw=
5,15,ta4sRhZaWrfSDRKUAaC5Tv4/fjI=,jvVzkznupILbdkbUTBfjqIn6YEw=
6,15,ta4sRhZaWrfSDRKUAaC5Tv4/fjI=,qqxnJWDiIj0kMabezxeVE3UHKsk=
3,15,ta4sRhZaWrfSDRKUAaC5Tv4/fjI=,G4gjjKa/xSstMP64Na6X39lzTPo=
4,15,ta4sRhZaWrfSDRKUAaC5Tv4/fjI=,jvVzkznupILbdkbUTBfjqIn6YEw=
2,15,ta4sRhZaWrfSDRKUAaC5Tv4/fjI=,G4gjjKa/xSstMP64Na6X39lzTPo=
1,15,ta4sRhZaWrfSDRKUAaC5Tv4/fjI=,xREsry6A6f/m0FOasBZ84RLtSHM=
0,14,QniOS50VLLakkT//zYkm5oWaaww=,xREsry6A6f/m0FOasBZ84RLtSHM=
0,13,QniOS50VLLakkT//zYkm5oWaaww=,xREsry6A6f/m0FOasBZ84RLtSHM=
0,12,QniOS50VLLakkT//zYkm5oWaaww=,xREsry6A6f/m0FOasBZ84RLtSHM=
0,11,QniOS50VLLakkT//zYkm5oWaaww=,XsGzKc49nlcrUVtLjRDiSPBv+C4=
0,10,D0Q42giKmfUYF/YNf6m66QjXsF8=,XsGzKc49nlcrUVtLjRDiSPBv+C4=
0,9,D0Q42giKmfUYF/YNf6m66QjXsF8=,+zwQv3nxm+vp83wsyCSdtGdMCas=
0,8,D0Q42giKmfUYF/YNf6m66QjXsF8=,+zwQv3nxm+vp83wsyCSdtGdMCas=
0,7,D0Q42giKmfUYF/YNf6m66QjXsF8=,+zwQv3nxm+vp83wsyCSdtGdMCas=
0,6,PEVmyQ7psQncjbAejIEBBCbrfDQ=,+zwQv3nxm+vp83wsyCSdtGdMCas=
0,5,PEVmyQ7psQncjbAejIEBBCbrfDQ=,922QHLyl9dMA75s/oB1jKouNFwk=
0,4,PEVmyQ7psQncjbAejIEBBCbrfDQ=,922QHLyl9dMA75s/oB1jKouNFwk=
0,3,PEVmyQ7psQncjbAejIEBBCbrfDQ=,xemaQ9var0kRnkcupNLfzjPzYm8=
0,1,PEVmyQ7psQncjbAejIEBBCbrfDQ=,aDt/BQg/erkpGW4hAHpOW23wVmc=
0,0,PEVmyQ7psQncjbAejIEBBCbrfDQ=,aDt/BQg/erkpGW4hAHpOW23wVmc=
0,2,PEVmyQ7psQncjbAejIEBBCbrfDQ=,xemaQ9var0kRnkcupNLfzjPzYm8=
2,0,C537TDSah8egix8QjWql/ehCsJI=,uX4p+8As7hy1dEOneSwNp9RzIi0=
1,0,C537TDSah8egix8QjWql/ehCsJI=,aDt/BQg/erkpGW4hAHpOW23wVmc=
4,0,C537TDSah8egix8QjWql/ehCsJI=,NGndhQuFjC4uUJIXzVYFVQQ96rA=
3,0,C537TDSah8egix8QjWql/ehCsJI=,uX4p+8As7hy1dEOneSwNp9RzIi0=
6,0,C537TDSah8egix8QjWql/ehCsJI=,13haGz5eOjBd5Q/WjlzWt6u4g7o=
5,0,C537TDSah8egix8QjWql/ehCsJI=,NGndhQuFjC4uUJIXzVYFVQQ96rA=
8,0,C537TDSah8egix8QjWql/ehCsJI=,Lv6M3ODr8fxqansYGqe9OSmH8FQ=
7,0,C537TDSah8egix8QjWql/ehCsJI=,13haGz5eOjBd5Q/WjlzWt6u4g7o=
10,0,Xbo5qtRmAXetiF+uby+IZvg7rOU=,sKuHodCY4Iv/3okNGLaSh1vUQ4k=
9,0,Xbo5qtRmAXetiF+uby+IZvg7rOU=,Lv6M3ODr8fxqansYGqe9OSmH8FQ=
12,0,Xbo5qtRmAXetiF+uby+IZvg7rOU=,WqVDb0iGSamjNenJGMhZPoAzQWA=
11,0,Xbo5qtRmAXetiF+uby+IZvg7rOU=,sKuHodCY4Iv/3okNGLaSh1vUQ4k=
13,0,Xbo5qtRmAXetiF+uby+IZvg7rOU=,WqVDb0iGSamjNenJGMhZPoAzQWA=
14,0,Xbo5qtRmAXetiF+uby+IZvg7rOU=,b3Eu/uV9AKUk16dF0UkS0lVzjk8=
15,1,C/tEXVyRyZ3kqDvAQJ9vVztUC18=,b3Eu/uV9AKUk16dF0UkS0lVzjk8=
15,2,C/tEXVyRyZ3kqDvAQJ9vVztUC18=,fznalEfV9GOqPmaBf88j3OZ0zfE=
15,4,C/tEXVyRyZ3kqDvAQJ9vVztUC18=,ZXdBQh56uTmsQL5nJqOITZuFDO4=
15,3,C/tEXVyRyZ3kqDvAQJ9vVztUC18=,fznalEfV9GOqPmaBf88j3OZ0zfE=
15,5,C/tEXVyRyZ3kqDvAQJ9vVztUC18=,ZXdBQh56uTmsQL5nJqOITZuFDO4=
15,6,C/tEXVyRyZ3kqDvAQJ9vVztUC18=,As33v2f+85hZJagSH/nlw94tRAA=
0,15,C/tEXVyRyZ3kqDvAQJ9vVztUC18=,xREsry6A6f/m0FOasBZ84RLtSHM=
15,8,uPq6HeWsLeh3SkJccEyPjjgtxWk=,6H+mmV2rSWbmuDOiJk4RZGBlf48=
15,7,uPq6HeWsLeh3SkJccEyPjjgtxWk=,As33v2f+85hZJagSH/nlw94tRAA=
15,12,uPq6HeWsLeh3SkJccEyPjjgtxWk=,46tyRts5FW5DRbV9ZXitlUTCPKE=
15,11,uPq6HeWsLeh3SkJccEyPjjgtxWk=,oHIBL4gLJFSno/K15lu7svuKbOE=
15,15,uPq6HeWsLeh3SkJccEyPjjgtxWk=,rvo4K2COv9nWNVbQCk04x7xD0SM=
15,9,uPq6HeWsLeh3SkJccEyPjjgtxWk=,6H+mmV2rSWbmuDOiJk4RZGBlf48=
15,10,uPq6HeWsLeh3SkJccEyPjjgtxWk=,oHIBL4gLJFSno/K15lu7svuKbOE=
15,0,uPq6HeWsLeh3SkJccEyPjjgtxWk=,b3Eu/uV9AKUk16dF0UkS0lVzjk8=
6,17,YGW2lv8qgKcEf5+zUMU8COmFXzg=,M31b/dhApCymkB+cEiyfACBrQh0=
6,18,YGW2lv8qgKcEf5+zUMU8COmFXzg=,M31b/dhApCymkB+cEiyfACBrQh0=
5,18,YGW2lv8qgKcEf5+zUMU8COmFXzg=,fuQZ096taABRatv9RcDqxDomyoU=
5,17,YGW2lv8qgKcEf5+zUMU8COmFXzg=,jvVzkznupILbdkbUTBfjqIn6YEw=
3,17,ezE0NJdwiOX8T9kNLEukdU3BMTk=,G4gjjKa/xSstMP64Na6X39lzTPo=
3,18,ezE0NJdwiOX8T9kNLEukdU3BMTk=,c8Dhvna3SDTujP8p0q8r2hQUKvI=
4,18,ezE0NJdwiOX8T9kNLEukdU3BMTk=,fuQZ096taABRatv9RcDqxDomyoU=
2,17,ezE0NJdwiOX8T9kNLEukdU3BMTk=,G4gjjKa/xSstMP64Na6X39lzTPo=
4,17,ezE0NJdwiOX8T9kNLEukdU3BMTk=,jvVzkznupILbdkbUTBfjqIn6YEw=
1,18,ezE0NJdwiOX8T9kNLEukdU3BMTk=,eeXVAlGUtEScuTP1hJoXhmqt+6c=
1,17,ezE0NJdwiOX8T9kNLEukdU3BMTk=,l7gcg5Eh5+3M/MTJAtEkaey1E1I=
2,18,ezE0NJdwiOX8T9kNLEukdU3BMTk=,c8Dhvna3SDTujP8p0q8r2hQUKvI=
3,22,+fpK28fLLcEVqYKcIuq/Qo/8DDo=,XsGzKc49nlcrUVtLjRDiSPBv+C4=
4,22,+fpK28fLLcEVqYKcIuq/Qo/8DDo=,XsGzKc49nlcrUVtLjRDiSPBv+C4=
4,21,+fpK28fLLcEVqYKcIuq/Qo/8DDo=,jrfumPeX5pnYdENVVnwec13eOyQ=
4,19,+fpK28fLLcEVqYKcIuq/Qo/8DDo=,fuQZ096taABRatv9RcDqxDomyoU=
4,20,+fpK28fLLcEVqYKcIuq/Qo/8DDo=,jrfumPeX5pnYdENVVnwec13eOyQ=
3,21,+fpK28fLLcEVqYKcIuq/Qo/8DDo=,XsGzKc49nlcrUVtLjRDiSPBv+C4=
3,20,+fpK28fLLcEVqYKcIuq/Qo/8DDo=,XsGzKc49nlcrUVtLjRDiSPBv+C4=
3,19,+fpK28fLLcEVqYKcIuq/Qo/8DDo=,c8Dhvna3SDTujP8p0q8r2hQUKvI=
1,19,iuaNP4g9Pf+kQbAoeICBzgm3urM=,eeXVAlGUtEScuTP1hJoXhmqt+6c=
2,19,iuaNP4g9Pf+kQbAoeICBzgm3urM=,c8Dhvna3SDTujP8p0q8r2hQUKvI=
2,20,iuaNP4g9Pf+kQbAoeICBzgm3urM=,XsGzKc49nlcrUVtLjRDiSPBv+C4=
1,20,iuaNP4g9Pf+kQbAoeICBzgm3urM=,XsGzKc49nlcrUVtLjRDiSPBv+C4=
5,22,ySafjZE8r+vdAJfH4gAmV+6/xDI=,XsGzKc49nlcrUVtLjRDiSPBv+C4=
5,21,ySafjZE8r+vdAJfH4gAmV+6/xDI=,jrfumPeX5pnYdENVVnwec13eOyQ=
6,21,ySafjZE8r+vdAJfH4gAmV+6/xDI=,fuQZ096taABRatv9RcDqxDomyoU=
6,20,ySafjZE8r+vdAJfH4gAmV+6/xDI=,fuQZ096taABRatv9RcDqxDomyoU=
5,19,ySafjZE8r+vdAJfH4gAmV+6/xDI=,fuQZ096taABRatv9RcDqxDomyoU=
5,20,ySafjZE8r+vdAJfH4gAmV+6/xDI=,jrfumPeX5pnYdENVVnwec13eOyQ=
6,19,ySafjZE8r+vdAJfH4gAmV+6/xDI=,M31b/dhApCymkB+cEiyfACBrQh0=
7,20,wNxgPVVqgIB6XVWIDqc/i/UDokk=,fuQZ096taABRatv9RcDqxDomyoU=
8,19,wNxgPVVqgIB6XVWIDqc/i/UDokk=,iaPOc7ryRD8uoD4ZXUDv+2qG5jk=
7,19,wNxgPVVqgIB6XVWIDqc/i/UDokk=,M31b/dhApCymkB+cEiyfACBrQh0=
2,22,MI9ejgx+oWDvBMzPqKSd5i7yWcE=,XsGzKc49nlcrUVtLjRDiSPBv+C4=
2,21,MI9ejgx+oWDvBMzPqKSd5i7yWcE=,XsGzKc49nlcrUVtLjRDiSPBv+C4=
1,21,MI9ejgx+oWDvBMzPqKSd5i7yWcE=,XsGzKc49nlcrUVtLjRDiSPBv+C4=
0,21,MI9ejgx+oWDvBMzPqKSd5i7yWcE=,XsGzKc49nlcrUVtLjRDiSPBv+C4=
1,22,MI9ejgx+oWDvBMzPqKSd5i7yWcE=,XsGzKc49nlcrUVtLjRDiSPBv+C4=
0,22,MI9ejgx+oWDvBMzPqKSd5i7yWcE=,XsGzKc49nlcrUVtLjRDiSPBv+C4=
11,17,w0xkirpq1V2UbBtB+2SwLcV7EDI=,73PoqbTsuu0pnWYmrWd6rpBfdEU=
12,18,w0xkirpq1V2UbBtB+2SwLcV7EDI=,XsGzKc49nlcrUVtLjRDiSPBv+C4=
11,18,w0xkirpq1V2UbBtB+2SwLcV7EDI=,iaPOc7ryRD8uoD4ZXUDv+2qG5jk=
12,17,w0xkirpq1V2UbBtB+2SwLcV7EDI=,XsGzKc49nlcrUVtLjRDiSPBv+C4=
10,18,l2OKIgSxe02SsqnYTgB26EfTgGs=,iaPOc7ryRD8uoD4ZXUDv+2qG5jk=
9,18,l2OKIgSxe02SsqnYTgB26EfTgGs=,iaPOc7ryRD8uoD4ZXUDv+2qG5jk=
8,18,l2OKIgSxe02SsqnYTgB26EfTgGs=,iaPOc7ryRD8uoD4ZXUDv+2qG5jk=
7,18,l2OKIgSxe02SsqnYTgB26EfTgGs=,M31b/dhApCymkB+cEiyfACBrQh0=
7,17,l2OKIgSxe02SsqnYTgB26EfTgGs=,M31b/dhApCymkB+cEiyfACBrQh0=
10,17,l2OKIgSxe02SsqnYTgB26EfTgGs=,73PoqbTsuu0pnWYmrWd6rpBfdEU=
9,17,l2OKIgSxe02SsqnYTgB26EfTgGs=,73PoqbTsuu0pnWYmrWd6rpBfdEU=
8,17,l2OKIgSxe02SsqnYTgB26EfTgGs=,73PoqbTsuu0pnWYmrWd6rpBfdEU=
13,18,f6VEPZYbIVztGCNv6+Pyv0KYlRY=,XsGzKc49nlcrUVtLjRDiSPBv+C4=
13,17,f6VEPZYbIVztGCNv6+Pyv0KYlRY=,XsGzKc49nlcrUVtLjRDiSPBv+C4=
14,18,DlBz96lCKxnpyh8vq4T6VoHfbi0=,XsGzKc49nlcrUVtLjRDiSPBv+C4=
14,17,DlBz96lCKxnpyh8vq4T6VoHfbi0=,sWEOP8cSnY+uI0kXa9fxU5BSWKk=
13,21,AtJr58GNwVWWsY7ARrkcw3ScgpQ=,XsGzKc49nlcrUVtLjRDiSPBv+C4=
14,22,AtJr58GNwVWWsY7ARrkcw3ScgpQ=,XsGzKc49nlcrUVtLjRDiSPBv+C4=
15,22,AtJr58GNwVWWsY7ARrkcw3ScgpQ=,XsGzKc49nlcrUVtLjRDiSPBv+C4=
13,20,AtJr58GNwVWWsY7ARrkcw3ScgpQ=,XsGzKc49nlcrUVtLjRDiSPBv+C4=
13,19,AtJr58GNwVWWsY7ARrkcw3ScgpQ=,XsGzKc49nlcrUVtLjRDiSPBv+C4=
14,21,AtJr58GNwVWWsY7ARrkcw3ScgpQ=,XsGzKc49nlcrUVtLjRDiSPBv+C4=
15,21,AtJr58GNwVWWsY7ARrkcw3ScgpQ=,XsGzKc49nlcrUVtLjRDiSPBv+C4=
14,20,AtJr58GNwVWWsY7ARrkcw3ScgpQ=,XsGzKc49nlcrUVtLjRDiSPBv+C4=
14,19,AtJr58GNwVWWsY7ARrkcw3ScgpQ=,XsGzKc49nlcrUVtLjRDiSPBv+C4=
15,20,ESnroaRWJ48ak2Ml0SkCr8SZBMg=,XsGzKc49nlcrUVtLjRDiSPBv+C4=
15,19,ESnroaRWJ48ak2Ml0SkCr8SZBMg=,XsGzKc49nlcrUVtLjRDiSPBv+C4=
15,17,ESnroaRWJ48ak2Ml0SkCr8SZBMg=,sWEOP8cSnY+uI0kXa9fxU5BSWKk=
15,18,ESnroaRWJ48ak2Ml0SkCr8SZBMg=,XsGzKc49nlcrUVtLjRDiSPBv+C4=
13,16,ESnroaRWJ48ak2Ml0SkCr8SZBMg=,XsGzKc49nlcrUVtLjRDiSPBv+C4=
14,16,ESnroaRWJ48ak2Ml0SkCr8SZBMg=,sWEOP8cSnY+uI0kXa9fxU5BSWKk=
12,16,bbDHrcSccw+hQma9mgSrxIRSk7U=,XsGzKc49nlcrUVtLjRDiSPBv+C4=
11,16,bbDHrcSccw+hQma9mgSrxIRSk7U=,73PoqbTsuu0pnWYmrWd6rpBfdEU=
9,16,bbDHrcSccw+hQma9mgSrxIRSk7U=,73PoqbTsuu0pnWYmrWd6rpBfdEU=
10,16,bbDHrcSccw+hQma9mgSrxIRSk7U=,73PoqbTsuu0pnWYmrWd6rpBfdEU=
8,16,bbDHrcSccw+hQma9mgSrxIRSk7U=,73PoqbTsuu0pnWYmrWd6rpBfdEU=
7,16,bbDHrcSccw+hQma9mgSrxIRSk7U=,M31b/dhApCymkB+cEiyfACBrQh0=
5,16,bbDHrcSccw+hQma9mgSrxIRSk7U=,jvVzkznupILbdkbUTBfjqIn6YEw=
6,16,bbDHrcSccw+hQma9mgSrxIRSk7U=,M31b/dhApCymkB+cEiyfACBrQh0=
12,19,JvtB4WocbOGqJz/5NLgkYcSae78=,XsGzKc49nlcrUVtLjRDiSPBv+C4=
12,20,JvtB4WocbOGqJz/5NLgkYcSae78=,XsGzKc49nlcrUVtLjRDiSPBv+C4=
11,19,JvtB4WocbOGqJz/5NLgkYcSae78=,iaPOc7ryRD8uoD4ZXUDv+2qG5jk=
9,19,JvtB4WocbOGqJz/5NLgkYcSae78=,iaPOc7ryRD8uoD4ZXUDv+2qG5jk=
10,19,JvtB4WocbOGqJz/5NLgkYcSae78=,iaPOc7ryRD8uoD4ZXUDv+2qG5jk=
12,21,JvtB4WocbOGqJz/5NLgkYcSae78=,XsGzKc49nlcrUVtLjRDiSPBv+C4=
15,23,JvtB4WocbOGqJz/5NLgkYcSae78=,XsGzKc49nlcrUVtLjRDiSPBv+C4=
3,16,JvtB4WocbOGqJz/5NLgkYcSae78=,G4gjjKa/xSstMP64Na6X39lzTPo=
4,16,JvtB4WocbOGqJz/5NLgkYcSae78=,jvVzkznupILbdkbUTBfjqIn6YEw=
2,23,JvtB4WocbOGqJz/5NLgkYcSae78=,XsGzKc49nlcrUVtLjRDiSPBv+C4=
1,24,JvtB4WocbOGqJz/5NLgkYcSae78=,XsGzKc49nlcrUVtLjRDiSPBv+C4=
1,23,JvtB4WocbOGqJz/5NLgkYcSae78=,XsGzKc49nlcrUVtLjRDiSPBv+C4=
7,21,JvtB4WocbOGqJz/5NLgkYcSae78=,fuQZ096taABRatv9RcDqxDomyoU=
14,23,JvtB4WocbOGqJz/5NLgkYcSae78=,XsGzKc49nlcrUVtLjRDiSPBv+C4=
1,25,JvtB4WocbOGqJz/5NLgkYcSae78=,XsGzKc49nlcrUVtLjRDiSPBv+C4=
4,23,JvtB4WocbOGqJz/5NLgkYcSae78=,XsGzKc49nlcrUVtLjRDiSPBv+C4=
5,23,JvtB4WocbOGqJz/5NLgkYcSae78=,XsGzKc49nlcrUVtLjRDiSPBv+C4=
3,23,JvtB4WocbOGqJz/5NLgkYcSae78=,XsGzKc49nlcrUVtLjRDiSPBv+C4=
2,16,JvtB4WocbOGqJz/5NLgkYcSae78=,G4gjjKa/xSstMP64Na6X39lzTPo=
1,16,JvtB4WocbOGqJz/5NLgkYcSae78=,l7gcg5Eh5+3M/MTJAtEkaey1E1I=
0,24,JvtB4WocbOGqJz/5NLgkYcSae78=,XsGzKc49nlcrUVtLjRDiSPBv+C4=
0,25,JvtB4WocbOGqJz/5NLgkYcSae78=,XsGzKc49nlcrUVtLjRDiSPBv+C4=
0,23,JvtB4WocbOGqJz/5NLgkYcSae78=,XsGzKc49nlcrUVtLjRDiSPBv+C4=
0,16,JvtB4WocbOGqJz/5NLgkYcSae78=,l7gcg5Eh5+3M/MTJAtEkaey1E1I=
15,16,JvtB4WocbOGqJz/5NLgkYcSae78=,sWEOP8cSnY+uI0kXa9fxU5BSWKk=
0,20,JvtB4WocbOGqJz/5NLgkYcSae78=,XsGzKc49nlcrUVtLjRDiSPBv+C4=
0,18,JvtB4WocbOGqJz/5NLgkYcSae78=,eeXVAlGUtEScuTP1hJoXhmqt+6c=
0,17,RRORMzSMJYd5o1Twh8wlIUFnDUA=,l7gcg5Eh5+3M/MTJAtEkaey1E1I=
0,19,RRORMzSMJYd5o1Twh8wlIUFnDUA=,eeXVAlGUtEScuTP1hJoXhmqt+6c=
17,20,E9VIbMd7ACMNfPspc/9GnSRqa9g=,XsGzKc49nlcrUVtLjRDiSPBv+C4=
17,19,E9VIbMd7ACMNfPspc/9GnSRqa9g=,XsGzKc49nlcrUVtLjRDiSPBv+C4=
18,20,E9VIbMd7ACMNfPspc/9GnSRqa9g=,XsGzKc49nlcrUVtLjRDiSPBv+C4=
18,19,E9VIbMd7ACMNfPspc/9GnSRqa9g=,ap8d9FGV2vh75nvYgUgDUondYRY=
20,19,kURkI6SWypGWGhZB1wXBo46osO0=,Ql2iOZk1/TkRdW4BVX5II3rDBKc=
19,20,kURkI6SWypGWGhZB1wXBo46osO0=,XsGzKc49nlcrUVtLjRDiSPBv+C4=
19,19,kURkI6SWypGWGhZB1wXBo46osO0=,ap8d9FGV2vh75nvYgUgDUondYRY=
20,20,kURkI6SWypGWGhZB1wXBo46osO0=,XsGzKc49nlcrUVtLjRDiSPBv+C4=
20,18,kURkI6SWypGWGhZB1wXBo46osO0=,Ql2iOZk1/TkRdW4BVX5II3rDBKc=
19,18,kURkI6SWypGWGhZB1wXBo46osO0=,ap8d9FGV2vh75nvYgUgDUondYRY=
20,17,kURkI6SWypGWGhZB1wXBo46osO0=,vUcqRajIolCaJs8wLv82lyIWZr8=
19,17,kURkI6SWypGWGhZB1wXBo46osO0=,vUcqRajIolCaJs8wLv82lyIWZr8=
23,17,c0Bi7mlDLfv5CDi92zqYR+eMZk0=,a/ru+6vpY0u1h5oTaVdS2P0efmw=
23,18,c0Bi7mlDLfv5CDi92zqYR+eMZk0=,RbmIGZwKda/dRAEVYXlUkxx2pgg=
22,20,c0Bi7mlDLfv5CDi92zqYR+eMZk0=,XsGzKc49nlcrUVtLjRDiSPBv+C4=
22,18,c0Bi7mlDLfv5CDi92zqYR+eMZk0=,RbmIGZwKda/dRAEVYXlUkxx2pgg=
21,20,c0Bi7mlDLfv5CDi92zqYR+eMZk0=,XsGzKc49nlcrUVtLjRDiSPBv+C4=
21,19,c0Bi7mlDLfv5CDi92zqYR+eMZk0=,Ql2iOZk1/TkRdW4BVX5II3rDBKc=
22,19,c0Bi7mlDLfv5CDi92zqYR+eMZk0=,RbmIGZwKda/dRAEVYXlUkxx2pgg=
22,17,c0Bi7mlDLfv5CDi92zqYR+eMZk0=,a/ru+6vpY0u1h5oTaVdS2P0efmw=
21,18,c0Bi7mlDLfv5CDi92zqYR+eMZk0=,Ql2iOZk1/TkRdW4BVX5II3rDBKc=
21,17,c0Bi7mlDLfv5CDi92zqYR+eMZk0=,vUcqRajIolCaJs8wLv82lyIWZr8=
17,18,B3T2uWCt1mL+DBKMkpT6zzSAZzA=,XsGzKc49nlcrUVtLjRDiSPBv+C4=
18,18,B3T2uWCt1mL+DBKMkpT6zzSAZzA=,ap8d9FGV2vh75nvYgUgDUondYRY=
18,17,B3T2uWCt1mL+DBKMkpT6zzSAZzA=,vUcqRajIolCaJs8wLv82lyIWZr8=
17,17,B3T2uWCt1mL+DBKMkpT6zzSAZzA=,sWEOP8cSnY+uI0kXa9fxU5BSWKk=
23,19,B3T2uWCt1mL+DBKMkpT6zzSAZzA=,RbmIGZwKda/dRAEVYXlUkxx2pgg=
23,20,B3T2uWCt1mL+DBKMkpT6zzSAZzA=,XsGzKc49nlcrUVtLjRDiSPBv+C4=
22,16,B3T2uWCt1mL+DBKMkpT6zzSAZzA=,a/ru+6vpY0u1h5oTaVdS2P0efmw=
21,16,B3T2uWCt1mL+DBKMkpT6zzSAZzA=,vUcqRajIolCaJs8wLv82lyIWZr8=
16,23,EqGwH4F/z6otBXIDvFEPxPS7Opw=,XsGzKc49nlcrUVtLjRDiSPBv+C4=
17,21,EqGwH4F/z6otBXIDvFEPxPS7Opw=,XsGzKc49nlcrUVtLjRDiSPBv+C4=
17,22,EqGwH4F/z6otBXIDvFEPxPS7Opw=,XsGzKc49nlcrUVtLjRDiSPBv+C4=
18,21,EqGwH4F/z6otBXIDvFEPxPS7Opw=,XsGzKc49nlcrUVtLjRDiSPBv+C4=
22,21,EqGwH4F/z6otBXIDvFEPxPS7Opw=,XsGzKc49nlcrUVtLjRDiSPBv+C4=
17,23,EqGwH4F/z6otBXIDvFEPxPS7Opw=,XsGzKc49nlcrUVtLjRDiSPBv+C4=
21,21,EqGwH4F/z6otBXIDvFEPxPS7Opw=,XsGzKc49nlcrUVtLjRDiSPBv+C4=
20,21,EqGwH4F/z6otBXIDvFEPxPS7Opw=,XsGzKc49nlcrUVtLjRDiSPBv+C4=
19,21,EqGwH4F/z6otBXIDvFEPxPS7Opw=,XsGzKc49nlcrUVtLjRDiSPBv+C4=
16,16,EqGwH4F/z6otBXIDvFEPxPS7Opw=,sWEOP8cSnY+uI0kXa9fxU5BSWKk=
23,21,EqGwH4F/z6otBXIDvFEPxPS7Opw=,XsGzKc49nlcrUVtLjRDiSPBv+C4=
18,16,EqGwH4F/z6otBXIDvFEPxPS7Opw=,vUcqRajIolCaJs8wLv82lyIWZr8=
17,16,EqGwH4F/z6otBXIDvFEPxPS7Opw=,sWEOP8cSnY+uI0kXa9fxU5BSWKk=
19,16,EqGwH4F/z6otBXIDvFEPxPS7Opw=,vUcqRajIolCaJs8wLv82lyIWZr8=
20,16,EqGwH4F/z6otBXIDvFEPxPS7Opw=,vUcqRajIolCaJs8wLv82lyIWZr8=
23,16,EqGwH4F/z6otBXIDvFEPxPS7Opw=,a/ru+6vpY0u1h5oTaVdS2P0efmw=
16,22,shgr2eopCO4yrMYVlcyHHaIVhAA=,XsGzKc49nlcrUVtLjRDiSPBv+C4=
16,21,shgr2eopCO4yrMYVlcyHHaIVhAA=,XsGzKc49nlcrUVtLjRDiSPBv+C4=
16,17,shgr2eopCO4yrMYVlcyHHaIVhAA=,sWEOP8cSnY+uI0kXa9fxU5BSWKk=
16,20,shgr2eopCO4yrMYVlcyHHaIVhAA=,XsGzKc49nlcrUVtLjRDiSPBv+C4=
16,19,shgr2eopCO4yrMYVlcyHHaIVhAA=,XsGzKc49nlcrUVtLjRDiSPBv+C4=
16,18,shgr2eopCO4yrMYVlcyHHaIVhAA=,XsGzKc49nlcrUVtLjRDiSPBv+C4=
28,12,wFWV5/rqJp+vdWbD/lM0Tc0wWbU=,zMMVGpQr2xzDw5D/dBodC+UrS1k=
27,12,wFWV5/rqJp+vdWbD/lM0Tc0wWbU=,zMMVGpQr2xzDw5D/dBodC+UrS1k=
27,11,wFWV5/rqJp+vdWbD/lM0Tc0wWbU=,F3JwYmn9FyqaOXwZAqyL/mP2l0I=
28,11,wFWV5/rqJp+vdWbD/lM0Tc0wWbU=,oWGsazG/GRjdL9c9oa7fKFdG8u4=
26,12,Z0CgeBVsVQgKwN2IHvVgiGxQsSg=,zMMVGpQr2xzDw5D/dBodC+UrS1k=
26,11,Z0CgeBVsVQgKwN2IHvVgiGxQsSg=,F3JwYmn9FyqaOXwZAqyL/mP2l0I=
25,12,Z0CgeBVsVQgKwN2IHvVgiGxQsSg=,/L1W03pQYFuM5NLGx83rKhWTmwo=
25,11,Z0CgeBVsVQgKwN2IHvVgiGxQsSg=,/L1W03pQYFuM5NLGx83rKhWTmwo=
25,10,hSeNyi4AYQj1ZjSyu5FKfdl0dA4=,/L1W03pQYFuM5NLGx83rKhWTmwo=
26,10,hSeNyi4AYQj1ZjSyu5FKfdl0dA4=,F3JwYmn9FyqaOXwZAqyL/mP2l0I=
26,9,hSeNyi4AYQj1ZjSyu5FKfdl0dA4=,VyWFAhwy9jzo436MEKiM2I3Dj4A=
25,9,hSeNyi4AYQj1ZjSyu5FKfdl0dA4=,gkS/fJitNXYdPjwFppcDI1Kk2vU=
28,10,kX7+uewysSQTJX7D0nr4LKDpdsU=,oWGsazG/GRjdL9c9oa7fKFdG8u4=
28,9,kX7+uewysSQTJX7D0nr4LKDpdsU=,VyWFAhwy9jzo436MEKiM2I3Dj4A=
27,10,kX7+uewysSQTJX7D0nr4LKDpdsU=,F3JwYmn9FyqaOXwZAqyL/mP2l0I=
27,9,kX7+uewysSQTJX7D0nr4LKDpdsU=,VyWFAhwy9jzo436MEKiM2I3Dj4A=
26,7,kX7+uewysSQTJX7D0nr4LKDpdsU=,PfeuZW2Mi+AUGvVnnjGutkeezkg=
26,8,kX7+uewysSQTJX7D0nr4LKDpdsU=,VyWFAhwy9jzo436MEKiM2I3Dj4A=
25,8,kX7+uewysSQTJX7D0nr4LKDpdsU=,gkS/fJitNXYdPjwFppcDI1Kk2vU=
25,7,kX7+uewysSQTJX7D0nr4LKDpdsU=,MjLQJiWkzw2HulpP8nvepP+y91k=
28,7,re3fiGf2Zd1n/TvBvJqfc/eIq8s=,PfeuZW2Mi+AUGvVnnjGutkeezkg=
28,8,re3fiGf2Zd1n/TvBvJqfc/eIq8s=,VyWFAhwy9jzo436MEKiM2I3Dj4A=
27,7,re3fiGf2Zd1n/TvBvJqfc/eIq8s=,PfeuZW2Mi+AUGvVnnjGutkeezkg=
27,8,re3fiGf2Zd1n/TvBvJqfc/eIq8s=,VyWFAhwy9jzo436MEKiM2I3Dj4A=
28,5,lZ1C9xrWFEedqvFmdiWiIjP1Yt4=,PfeuZW2Mi+AUGvVnnjGutkeezkg=
28,6,lZ1C9xrWFEedqvFmdiWiIjP1Yt4=,PfeuZW2Mi+AUGvVnnjGutkeezkg=
26,6,lZ1C9xrWFEedqvFmdiWiIjP1Yt4=,PfeuZW2Mi+AUGvVnnjGutkeezkg=
25,6,lZ1C9xrWFEedqvFmdiWiIjP1Yt4=,MjLQJiWkzw2HulpP8nvepP+y91k=
27,6,lZ1C9xrWFEedqvFmdiWiIjP1Yt4=,PfeuZW2Mi+AUGvVnnjGutkeezkg=
25,5,lZ1C9xrWFEedqvFmdiWiIjP1Yt4=,YQ4IwhhwsQXQ9Vznc7XhaHix3wg=
27,5,lZ1C9xrWFEedqvFmdiWiIjP1Yt4=,sPdWZbhWXt4xwU6TOb/q4p7NIQM=
26,5,lZ1C9xrWFEedqvFmdiWiIjP1Yt4=,sPdWZbhWXt4xwU6TOb/q4p7NIQM=
26,4,SJ+u4FQA/407HpgKWbQoVD0RBKs=,sPdWZbhWXt4xwU6TOb/q4p7NIQM=
25,4,SJ+u4FQA/407HpgKWbQoVD0RBKs=,YQ4IwhhwsQXQ9Vznc7XhaHix3wg=
26,3,yY6Tg6bGDdgHArvbmwzyuFAyMXA=,sPdWZbhWXt4xwU6TOb/q4p7NIQM=
25,3,yY6Tg6bGDdgHArvbmwzyuFAyMXA=,Ixh0yFgVxpq1CcbqOG8HSrJlO2I=
25,1,MfR4boEhkQucBSooNS1C1wRq4vk=,Ixh0yFgVxpq1CcbqOG8HSrJlO2I=
25,2,MfR4boEhkQucBSooNS1C1wRq4vk=,Ixh0yFgVxpq1CcbqOG8HSrJlO2I=
26,2,MfR4boEhkQucBSooNS1C1wRq4vk=,sPdWZbhWXt4xwU6TOb/q4p7NIQM=
26,1,MfR4boEhkQucBSooNS1C1wRq4vk=,jR2NJwfoPRNIenYyAfaq5oKMhGY=
23,1,ZYURNWQwGgwfo/IST+dx7kNqfPE=,/Y5qMtPvrGzomaSgvyu+7qHDkI4=
24,1,ZYURNWQwGgwfo/IST+dx7kNqfPE=,Ixh0yFgVxpq1CcbqOG8HSrJlO2I=
23,2,ZYURNWQwGgwfo/IST+dx7kNqfPE=,/Y5qMtPvrGzomaSgvyu+7qHDkI4=
24,2,ZYURNWQwGgwfo/IST+dx7kNqfPE=,Ixh0yFgVxpq1CcbqOG8HSrJlO2I=
24,4,ZYURNWQwGgwfo/IST+dx7kNqfPE=,YQ4IwhhwsQXQ9Vznc7XhaHix3wg=
23,3,ZYURNWQwGgwfo/IST+dx7kNqfPE=,/Y5qMtPvrGzomaSgvyu+7qHDkI4=
23,4,ZYURNWQwGgwfo/IST+dx7kNqfPE=,iQ0krhsPzsf3vDttPid2CUPPwlY=
24,3,ZYURNWQwGgwfo/IST+dx7kNqfPE=,Ixh0yFgVxpq1CcbqOG8HSrJlO2I=
21,3,FZN+EpKZCJwXDnNOgPEqd1b2eew=,btY71xg5tQNkP+rrRITBTvRVCM8=
22,3,FZN+EpKZCJwXDnNOgPEqd1b2eew=,/Y5qMtPvrGzomaSgvyu+7qHDkI4=
21,4,FZN+EpKZCJwXDnNOgPEqd1b2eew=,N4OrGnPwzZfSqiO3wUeEC5KIUVA=
22,4,FZN+EpKZCJwXDnNOgPEqd1b2eew=,iQ0krhsPzsf3vDttPid2CUPPwlY=
22,1,oR0LyuFY+3tc4kwpqFoo1T8qHqI=,/Y5qMtPvrGzomaSgvyu+7qHDkI4=
22,2,oR0LyuFY+3tc4kwpqFoo1T8qHqI=,/Y5qMtPvrGzomaSgvyu+7qHDkI4=
21,1,oR0LyuFY+3tc4kwpqFoo1T8qHqI=,OexQgVsvZIHZshzmFe7et4xz2Mc=
21,2,oR0LyuFY+3tc4kwpqFoo1T8qHqI=,btY71xg5tQNkP+rrRITBTvRVCM8=
20,3,oR0LyuFY+3tc4kwpqFoo1T8qHqI=,btY71xg5tQNkP+rrRITBTvRVCM8=
19,3,oR0LyuFY+3tc4kwpqFoo1T8qHqI=,btY71xg5tQNkP+rrRITBTvRVCM8=
19,4,oR0LyuFY+3tc4kwpqFoo1T8qHqI=,FWaMB3aY4esL2gGgm9IVf6A9wX0=
20,4,6yqoA/15zK+CyQ5N33yvCWtpwz4=,N4OrGnPwzZfSqiO3wUeEC5KIUVA=
20,1,6yqoA/15zK+CyQ5N33yvCWtpwz4=,OexQgVsvZIHZshzmFe7et4xz2Mc=
19,2,6yqoA/15zK+CyQ5N33yvCWtpwz4=,btY71xg5tQNkP+rrRITBTvRVCM8=
19,1,6yqoA/15zK+CyQ5N33yvCWtpwz4=,OexQgVsvZIHZshzmFe7et4xz2Mc=
20,2,6yqoA/15zK+CyQ5N33yvCWtpwz4=,btY71xg5tQNkP+rrRITBTvRVCM8=
17,4,cgimTx6hCj8R4aBSMHF8+/PeMhI=,c9HxSwyxE/JmW7KcOrUUeRM1fNw=
18,4,cgimTx6hCj8R4aBSMHF8+/PeMhI=,FWaMB3aY4esL2gGgm9IVf6A9wX0=
17,3,cgimTx6hCj8R4aBSMHF8+/PeMhI=,ukfzmgyGl+wMVGSjqsnNj+IAHDU=
18,3,cgimTx6hCj8R4aBSMHF8+/PeMhI=,btY71xg5tQNkP+rrRITBTvRVCM8=
17,1,cgimTx6hCj8R4aBSMHF8+/PeMhI=,Fsu93LIRgyzvalP/eE6Q+vj4RXw=
18,1,cgimTx6hCj8R4aBSMHF8+/PeMhI=,OexQgVsvZIHZshzmFe7et4xz2Mc=
17,2,cgimTx6hCj8R4aBSMHF8+/PeMhI=,ukfzmgyGl+wMVGSjqsnNj+IAHDU=
18,2,cgimTx6hCj8R4aBSMHF8+/PeMhI=,btY71xg5tQNkP+rrRITBTvRVCM8=
18,5,RU7KQ4T7+ONE7SHjyX9oaV+Ez9A=,FWaMB3aY4esL2gGgm9IVf6A9wX0=
17,5,RU7KQ4T7+ONE7SHjyX9oaV+Ez9A=,c9HxSwyxE/JmW7KcOrUUeRM1fNw=
18,6,RU7KQ4T7+ONE7SHjyX9oaV+Ez9A=,FSG9arivGl0sV+5djCqNMvxBaHw=
17,6,RU7KQ4T7+ONE7SHjyX9oaV+Ez9A=,c9HxSwyxE/JmW7KcOrUUeRM1fNw=
17,7,cNCknBeHH7JQKKA+7KVZgETFdbs=,c9HxSwyxE/JmW7KcOrUUeRM1fNw=
18,7,cNCknBeHH7JQKKA+7KVZgETFdbs=,FSG9arivGl0sV+5djCqNMvxBaHw=
17,8,cNCknBeHH7JQKKA+7KVZgETFdbs=,auJXw8HvVoWsaJFle/R1IHcXlNM=
18,8,cNCknBeHH7JQKKA+7KVZgETFdbs=,sx27adtw8xcMkMZKuAqMrdM9EzA=
20,8,wzyokFzqaBgb0uWD8fZPs49TGYs=,FSG9arivGl0sV+5djCqNMvxBaHw=
19,8,wzyokFzqaBgb0uWD8fZPs49TGYs=,sx27adtw8xcMkMZKuAqMrdM9EzA=
19,5,bv+uV26SQ2h5MHJUS2w3UjKxuOk=,FWaMB3aY4esL2gGgm9IVf6A9wX0=
19,6,bv+uV26SQ2h5MHJUS2w3UjKxuOk=,FSG9arivGl0sV+5djCqNMvxBaHw=
19,7,bv+uV26SQ2h5MHJUS2w3UjKxuOk=,FSG9arivGl0sV+5djCqNMvxBaHw=
20,7,bv+uV26SQ2h5MHJUS2w3UjKxuOk=,TGqMWewqvRaZ4N4+pF360Wc2NY0=
20,6,bv+uV26SQ2h5MHJUS2w3UjKxuOk=,TGqMWewqvRaZ4N4+pF360Wc2NY0=
20,5,bv+uV26SQ2h5MHJUS2w3UjKxuOk=,N4OrGnPwzZfSqiO3wUeEC5KIUVA=
23,8,bv+uV26SQ2h5MHJUS2w3UjKxuOk=,HRG6ihd66p8VDiKUqhJD4VWRzLE=
23,7,bv+uV26SQ2h5MHJUS2w3UjKxuOk=,hcaETX22/u1gsaj77dUFVnCEA4U=
24,8,bv+uV26SQ2h5MHJUS2w3UjKxuOk=,gkS/fJitNXYdPjwFppcDI1Kk2vU=
21,8,bv+uV26SQ2h5MHJUS2w3UjKxuOk=,FSG9arivGl0sV+5djCqNMvxBaHw=
22,7,bv+uV26SQ2h5MHJUS2w3UjKxuOk=,hcaETX22/u1gsaj77dUFVnCEA4U=
24,6,bv+uV26SQ2h5MHJUS2w3UjKxuOk=,MjLQJiWkzw2HulpP8nvepP+y91k=
24,5,bv+uV26SQ2h5MHJUS2w3UjKxuOk=,YQ4IwhhwsQXQ9Vznc7XhaHix3wg=
23,5,bv+uV26SQ2h5MHJUS2w3UjKxuOk=,iQ0krhsPzsf3vDttPid2CUPPwlY=
22,8,bv+uV26SQ2h5MHJUS2w3UjKxuOk=,HRG6ihd66p8VDiKUqhJD4VWRzLE=
22,6,bv+uV26SQ2h5MHJUS2w3UjKxuOk=,hcaETX22/u1gsaj77dUFVnCEA4U=
24,7,bv+uV26SQ2h5MHJUS2w3UjKxuOk=,MjLQJiWkzw2HulpP8nvepP+y91k=
23,6,bv+uV26SQ2h5MHJUS2w3UjKxuOk=,hcaETX22/u1gsaj77dUFVnCEA4U=
22,5,bv+uV26SQ2h5MHJUS2w3UjKxuOk=,iQ0krhsPzsf3vDttPid2CUPPwlY=
21,6,bv+uV26SQ2h5MHJUS2w3UjKxuOk=,TGqMWewqvRaZ4N4+pF360Wc2NY0=
21,7,jGVbLVIiC6Sgdx+gXW7ZVCkTgEc=,TGqMWewqvRaZ4N4+pF360Wc2NY0=
21,5,jGVbLVIiC6Sgdx+gXW7ZVCkTgEc=,N4OrGnPwzZfSqiO3wUeEC5KIUVA=
24,9,hokozSkPGxs4kA0LD5zk79CbRGY=,gkS/fJitNXYdPjwFppcDI1Kk2vU=
24,10,hokozSkPGxs4kA0LD5zk79CbRGY=,/L1W03pQYFuM5NLGx83rKhWTmwo=
23,10,hokozSkPGxs4kA0LD5zk79CbRGY=,j4q3YKY+0cIh6cW8OktT7MEmg2Q=
23,9,hokozSkPGxs4kA0LD5zk79CbRGY=,HRG6ihd66p8VDiKUqhJD4VWRzLE=
23,12,pZIe6d9cru34a0s3GEIWjQeim68=,1rxK2Er/q737NO4kLoJ8rqFVEVA=
24,12,pZIe6d9cru34a0s3GEIWjQeim68=,/L1W03pQYFuM5NLGx83rKhWTmwo=
24,11,pZIe6d9cru34a0s3GEIWjQeim68=,/L1W03pQYFuM5NLGx83rKhWTmwo=
23,11,pZIe6d9cru34a0s3GEIWjQeim68=,j4q3YKY+0cIh6cW8OktT7MEmg2Q=
22,10,pZIe6d9cru34a0s3GEIWjQeim68=,j4q3YKY+0cIh6cW8OktT7MEmg2Q=
21,10,pZIe6d9cru34a0s3GEIWjQeim68=,IxyxQ6dH3YDj97gDrcRh429mP4E=
22,12,pZIe6d9cru34a0s3GEIWjQeim68=,1rxK2Er/q737NO4kLoJ8rqFVEVA=
22,11,pZIe6d9cru34a0s3GEIWjQeim68=,j4q3YKY+0cIh6cW8OktT7MEmg2Q=
21,9,pZIe6d9cru34a0s3GEIWjQeim68=,FSG9arivGl0sV+5djCqNMvxBaHw=
21,11,pZIe6d9cru34a0s3GEIWjQeim68=,IxyxQ6dH3YDj97gDrcRh429mP4E=
22,9,pZIe6d9cru34a0s3GEIWjQeim68=,HRG6ihd66p8VDiKUqhJD4VWRzLE=
21,12,pZIe6d9cru34a0s3GEIWjQeim68=,1rxK2Er/q737NO4kLoJ8rqFVEVA=
21,14,JnfFIxsq23BYCNvrhJ/ioW7dVJI=,z65TN6Eg9XTbp7+CPiGUk5p1kKI=
21,13,JnfFIxsq23BYCNvrhJ/ioW7dVJI=,1rxK2Er/q737NO4kLoJ8rqFVEVA=
22,14,JnfFIxsq23BYCNvrhJ/ioW7dVJI=,z65TN6Eg9XTbp7+CPiGUk5p1kKI=
22,13,JnfFIxsq23BYCNvrhJ/ioW7dVJI=,1rxK2Er/q737NO4kLoJ8rqFVEVA=
19,9,JnfFIxsq23BYCNvrhJ/ioW7dVJI=,sx27adtw8xcMkMZKuAqMrdM9EzA=
19,10,JnfFIxsq23BYCNvrhJ/ioW7dVJI=,IxyxQ6dH3YDj97gDrcRh429mP4E=
20,9,JnfFIxsq23BYCNvrhJ/ioW7dVJI=,FSG9arivGl0sV+5djCqNMvxBaHw=
20,10,JnfFIxsq23BYCNvrhJ/ioW7dVJI=,IxyxQ6dH3YDj97gDrcRh429mP4E=
19,12,JnfFIxsq23BYCNvrhJ/ioW7dVJI=,7rhtlsni89QmHtu5lXnaq6suAF0=
19,11,JnfFIxsq23BYCNvrhJ/ioW7dVJI=,IxyxQ6dH3YDj97gDrcRh429mP4E=
20,12,JnfFIxsq23BYCNvrhJ/ioW7dVJI=,1rxK2Er/q737NO4kLoJ8rqFVEVA=
20,11,JnfFIxsq23BYCNvrhJ/ioW7dVJI=,IxyxQ6dH3YDj97gDrcRh429mP4E=
19,13,raSz5ahhbyuNtc1f4DXAApIDsAw=,7rhtlsni89QmHtu5lXnaq6suAF0=
19,14,raSz5ahhbyuNtc1f4DXAApIDsAw=,KYWdqhwqW9MjtctqYA4gN2Z7lGw=
20,14,raSz5ahhbyuNtc1f4DXAApIDsAw=,z65TN6Eg9XTbp7+CPiGUk5p1kKI=
20,13,raSz5ahhbyuNtc1f4DXAApIDsAw=,1rxK2Er/q737NO4kLoJ8rqFVEVA=
18,10,7iaAJqMiLmB92MQBEKWaxJ2WOVw=,IxyxQ6dH3YDj97gDrcRh429mP4E=
17,9,O+7ZER+1g1+ddMU+cphgpqPVxu0=,auJXw8HvVoWsaJFle/R1IHcXlNM=
17,10,O+7ZER+1g1+ddMU+cphgpqPVxu0=,XzYilWVvRfJslooBNCD9pdbVmFM=
18,9,O+7ZER+1g1+ddMU+cphgpqPVxu0=,sx27adtw8xcMkMZKuAqMrdM9EzA=
18,12,O+7ZER+1g1+ddMU+cphgpqPVxu0=,7rhtlsni89QmHtu5lXnaq6suAF0=
18,11,O+7ZER+1g1+ddMU+cphgpqPVxu0=,IxyxQ6dH3YDj97gDrcRh429mP4E=
17,12,O+7ZER+1g1+ddMU+cphgpqPVxu0=,uwfktH41qdF4stLBCAqnUI+hu44=
17,11,O+7ZER+1g1+ddMU+cphgpqPVxu0=,XzYilWVvRfJslooBNCD9pdbVmFM=
18,13,O+7ZER+1g1+ddMU+cphgpqPVxu0=,7rhtlsni89QmHtu5lXnaq6suAF0=
18,14,O+7ZER+1g1+ddMU+cphgpqPVxu0=,KYWdqhwqW9MjtctqYA4gN2Z7lGw=
17,13,O+7ZER+1g1+ddMU+cphgpqPVxu0=,uwfktH41qdF4stLBCAqnUI+hu44=
17,14,O+7ZER+1g1+ddMU+cphgpqPVxu0=,Ru0wDUrUC4KF+ZmVcTCTk3kESfo=
16,11,xNFV0wfB8htasjVNkqsZXUg9cJ0=,XzYilWVvRfJslooBNCD9pdbVmFM=
16,12,xNFV0wfB8htasjVNkqsZXUg9cJ0=,uwfktH41qdF4stLBCAqnUI+hu44=
17,15,xNFV0wfB8htasjVNkqsZXUg9cJ0=,Ru0wDUrUC4KF+ZmVcTCTk3kESfo=
18,15,xNFV0wfB8htasjVNkqsZXUg9cJ0=,KYWdqhwqW9MjtctqYA4gN2Z7lGw=
16,13,xNFV0wfB8htasjVNkqsZXUg9cJ0=,uwfktH41qdF4stLBCAqnUI+hu44=
16,14,xNFV0wfB8htasjVNkqsZXUg9cJ0=,Ru0wDUrUC4KF+ZmVcTCTk3kESfo=
16,9,w0/Q/whvfEppfeNY3ENUorvmWwg=,auJXw8HvVoWsaJFle/R1IHcXlNM=
16,10,w0/Q/whvfEppfeNY3ENUorvmWwg=,XzYilWVvRfJslooBNCD9pdbVmFM=
16,8,w0/Q/whvfEppfeNY3ENUorvmWwg=,auJXw8HvVoWsaJFle/R1IHcXlNM=
16,7,w0/Q/whvfEppfeNY3ENUorvmWwg=,c9HxSwyxE/JmW7KcOrUUeRM1fNw=
16,5,w0/Q/whvfEppfeNY3ENUorvmWwg=,c9HxSwyxE/JmW7KcOrUUeRM1fNw=
16,6,w0/Q/whvfEppfeNY3ENUorvmWwg=,c9HxSwyxE/JmW7KcOrUUeRM1fNw=
16,4,GxRNICrFC3O6of3MIDRu+imf1b0=,c9HxSwyxE/JmW7KcOrUUeRM1fNw=
16,3,GxRNICrFC3O6of3MIDRu+imf1b0=,ukfzmgyGl+wMVGSjqsnNj+IAHDU=
16,1,GxRNICrFC3O6of3MIDRu+imf1b0=,Fsu93LIRgyzvalP/eE6Q+vj4RXw=
16,2,GxRNICrFC3O6of3MIDRu+imf1b0=,ukfzmgyGl+wMVGSjqsnNj+IAHDU=
17,0,2+6QOcIwPJhb9/jvAivbqMhPP74=,Fsu93LIRgyzvalP/eE6Q+vj4RXw=
18,0,2+6QOcIwPJhb9/jvAivbqMhPP74=,OexQgVsvZIHZshzmFe7et4xz2Mc=
20,0,2+6QOcIwPJhb9/jvAivbqMhPP74=,OexQgVsvZIHZshzmFe7et4xz2Mc=
19,0,2+6QOcIwPJhb9/jvAivbqMhPP74=,OexQgVsvZIHZshzmFe7et4xz2Mc=
22,0,sYTvmYF9UFrAmtr7z+7m7ExC5DI=,/Y5qMtPvrGzomaSgvyu+7qHDkI4=
21,0,sYTvmYF9UFrAmtr7z+7m7ExC5DI=,OexQgVsvZIHZshzmFe7et4xz2Mc=
23,0,sYTvmYF9UFrAmtr7z+7m7ExC5DI=,/Y5qMtPvrGzomaSgvyu+7qHDkI4=
24,0,sYTvmYF9UFrAmtr7z+7m7ExC5DI=,Ixh0yFgVxpq1CcbqOG8HSrJlO2I=
25,0,eEUDmd+yE1tKn3UsHlc+QDzCmPo=,Ixh0yFgVxpq1CcbqOG8HSrJlO2I=
26,0,eEUDmd+yE1tKn3UsHlc+QDzCmPo=,jR2NJwfoPRNIenYyAfaq5oKMhGY=
29,6,RtCJ05sjzjRAZGuYKoy24OaWibw=,PfeuZW2Mi+AUGvVnnjGutkeezkg=
29,5,RtCJ05sjzjRAZGuYKoy24OaWibw=,PfeuZW2Mi+AUGvVnnjGutkeezkg=
27,0,RtCJ05sjzjRAZGuYKoy24OaWibw=,jR2NJwfoPRNIenYyAfaq5oKMhGY=
30,5,RtCJ05sjzjRAZGuYKoy24OaWibw=,NNkMUsruCBWXnaX23xG1ccN8JMk=
28,0,RtCJ05sjzjRAZGuYKoy24OaWibw=,6cZyo6fo8dl24fjHOgLJoRrmb/o=
30,4,RtCJ05sjzjRAZGuYKoy24OaWibw=,NNkMUsruCBWXnaX23xG1ccN8JMk=
29,4,dtNqXkOEvRxe3/F96vwHkFva6yo=,PfeuZW2Mi+AUGvVnnjGutkeezkg=
30,3,dtNqXkOEvRxe3/F96vwHkFva6yo=,CnI0/h7lOKD8I31ikyNMuc0kaXY=
28,4,dtNqXkOEvRxe3/F96vwHkFva6yo=,PfeuZW2Mi+AUGvVnnjGutkeezkg=
29,3,dtNqXkOEvRxe3/F96vwHkFva6yo=,8IRmG8/0xCDLFuYU+k1P+tVzkAk=
27,1,dtNqXkOEvRxe3/F96vwHkFva6yo=,jR2NJwfoPRNIenYyAfaq5oKMhGY=
27,2,dtNqXkOEvRxe3/F96vwHkFva6yo=,sPdWZbhWXt4xwU6TOb/q4p7NIQM=
28,2,dtNqXkOEvRxe3/F96vwHkFva6yo=,8IRmG8/0xCDLFuYU+k1P+tVzkAk=
27,3,dtNqXkOEvRxe3/F96vwHkFva6yo=,sPdWZbhWXt4xwU6TOb/q4p7NIQM=
28,3,dtNqXkOEvRxe3/F96vwHkFva6yo=,8IRmG8/0xCDLFuYU+k1P+tVzkAk=
27,4,dtNqXkOEvRxe3/F96vwHkFva6yo=,sPdWZbhWXt4xwU6TOb/q4p7NIQM=
28,1,dtNqXkOEvRxe3/F96vwHkFva6yo=,6cZyo6fo8dl24fjHOgLJoRrmb/o=
31,4,dtNqXkOEvRxe3/F96vwHkFva6yo=,NNkMUsruCBWXnaX23xG1ccN8JMk=
31,3,dtNqXkOEvRxe3/F96vwHkFva6yo=,CnI0/h7lOKD8I31ikyNMuc0kaXY=
29,2,dtNqXkOEvRxe3/F96vwHkFva6yo=,8IRmG8/0xCDLFuYU+k1P+tVzkAk=
30,2,YyvqcNDocjSzaCl90oz2F5YbKek=,CnI0/h7lOKD8I31ikyNMuc0kaXY=
29,1,YyvqcNDocjSzaCl90oz2F5YbKek=,6cZyo6fo8dl24fjHOgLJoRrmb/o=
30,1,YyvqcNDocjSzaCl90oz2F5YbKek=,2xZkfeBDw2iihuf8t1gpccTb+aM=
31,2,YyvqcNDocjSzaCl90oz2F5YbKek=,CnI0/h7lOKD8I31ikyNMuc0kaXY=
31,1,YyvqcNDocjSzaCl90oz2F5YbKek=,2xZkfeBDw2iihuf8t1gpccTb+aM=
27,14,YyvqcNDocjSzaCl90oz2F5YbKek=,Ho5zBn4nAtGzKpzDW7ub64yEBYc=
28,13,YyvqcNDocjSzaCl90oz2F5YbKek=,zMMVGpQr2xzDw5D/dBodC+UrS1k=
27,13,YyvqcNDocjSzaCl90oz2F5YbKek=,zMMVGpQr2xzDw5D/dBodC+UrS1k=
29,7,YyvqcNDocjSzaCl90oz2F5YbKek=,PfeuZW2Mi+AUGvVnnjGutkeezkg=
29,8,YyvqcNDocjSzaCl90oz2F5YbKek=,VyWFAhwy9jzo436MEKiM2I3Dj4A=
29,9,YyvqcNDocjSzaCl90oz2F5YbKek=,VyWFAhwy9jzo436MEKiM2I3Dj4A=
29,10,YyvqcNDocjSzaCl90oz2F5YbKek=,oWGsazG/GRjdL9c9oa7fKFdG8u4=
29,11,YyvqcNDocjSzaCl90oz2F5YbKek=,oWGsazG/GRjdL9c9oa7fKFdG8u4=
29,12,YyvqcNDocjSzaCl90oz2F5YbKek=,zMMVGpQr2xzDw5D/dBodC+UrS1k=
29,13,YyvqcNDocjSzaCl90oz2F5YbKek=,zMMVGpQr2xzDw5D/dBodC+UrS1k=
27,15,YyvqcNDocjSzaCl90oz2F5YbKek=,Ho5zBn4nAtGzKpzDW7ub64yEBYc=
31,0,YyvqcNDocjSzaCl90oz2F5YbKek=,2xZkfeBDw2iihuf8t1gpccTb+aM=
30,0,YyvqcNDocjSzaCl90oz2F5YbKek=,2xZkfeBDw2iihuf8t1gpccTb+aM=
29,0,YyvqcNDocjSzaCl90oz2F5YbKek=,6cZyo6fo8dl24fjHOgLJoRrmb/o=
31,5,YyvqcNDocjSzaCl90oz2F5YbKek=,NNkMUsruCBWXnaX23xG1ccN8JMk=
19,15,YyvqcNDocjSzaCl90oz2F5YbKek=,KYWdqhwqW9MjtctqYA4gN2Z7lGw=
22,15,YyvqcNDocjSzaCl90oz2F5YbKek=,z65TN6Eg9XTbp7+CPiGUk5p1kKI=
21,15,YyvqcNDocjSzaCl90oz2F5YbKek=,z65TN6Eg9XTbp7+CPiGUk5p1kKI=
20,15,YyvqcNDocjSzaCl90oz2F5YbKek=,z65TN6Eg9XTbp7+CPiGUk5p1kKI=
24,15,YyvqcNDocjSzaCl90oz2F5YbKek=,FK+UgWHSlvKZUIWJJnv4Wq2LE6I=
26,14,YyvqcNDocjSzaCl90oz2F5YbKek=,Ho5zBn4nAtGzKpzDW7ub64yEBYc=
25,14,YyvqcNDocjSzaCl90oz2F5YbKek=,FK+UgWHSlvKZUIWJJnv4Wq2LE6I=
16,15,YyvqcNDocjSzaCl90oz2F5YbKek=,Ru0wDUrUC4KF+ZmVcTCTk3kESfo=
24,14,YyvqcNDocjSzaCl90oz2F5YbKek=,FK+UgWHSlvKZUIWJJnv4Wq2LE6I=
16,0,YyvqcNDocjSzaCl90oz2F5YbKek=,Fsu93LIRgyzvalP/eE6Q+vj4RXw=
25,15,YyvqcNDocjSzaCl90oz2F5YbKek=,FK+UgWHSlvKZUIWJJnv4Wq2LE6I=
23,15,YyvqcNDocjSzaCl90oz2F5YbKek=,z65TN6Eg9XTbp7+CPiGUk5p1kKI=
26,15,YyvqcNDocjSzaCl90oz2F5YbKek=,Ho5zBn4nAtGzKpzDW7ub64yEBYc=
24,13,YyvqcNDocjSzaCl90oz2F5YbKek=,/L1W03pQYFuM5NLGx83rKhWTmwo=
26,13,YyvqcNDocjSzaCl90oz2F5YbKek=,zMMVGpQr2xzDw5D/dBodC+UrS1k=
23,13,fJuDTE5BEtfxa9GbimLwdyHhC8g=,1rxK2Er/q737NO4kLoJ8rqFVEVA=
25,13,fJuDTE5BEtfxa9GbimLwdyHhC8g=,/L1W03pQYFuM5NLGx83rKhWTmwo=
23,14,fJuDTE5BEtfxa9GbimLwdyHhC8g=,z65TN6Eg9XTbp7+CPiGUk5p1kKI=
