-21,3,I0lIF/3yY1VKO4+hWPN+xjt6Pqs=,bUiZEgZb++CBIZ6F3plQYCB6e3Y=
-21,2,I0lIF/3yY1VKO4+hWPN+xjt6Pqs=,S0Tut8UuMWy6y2c/tKPIfDo0i7A=
-21,6,I0lIF/3yY1VKO4+hWPN+xjt6Pqs=,S0Tut8UuMWy6y2c/tKPIfDo0i7A=
-21,5,I0lIF/3yY1VKO4+hWPN+xjt6Pqs=,S0Tut8UuMWy6y2c/tKPIfDo0i7A=
-21,4,I0lIF/3yY1VKO4+hWPN+xjt6Pqs=,S0Tut8UuMWy6y2c/tKPIfDo0i7A=
-20,4,I0lIF/3yY1VKO4+hWPN+xjt6Pqs=,XPa4frUzVqVVSkrW6OKle+TVggU=
-20,5,I0lIF/3yY1VKO4+hWPN+xjt6Pqs=,S0Tut8UuMWy6y2c/tKPIfDo0i7A=
-20,6,I0lIF/3yY1VKO4+hWPN+xjt6Pqs=,S0Tut8UuMWy6y2c/tKPIfDo0i7A=
-20,0,I0lIF/3yY1VKO4+hWPN+xjt6Pqs=,S0Tut8UuMWy6y2c/tKPIfDo0i7A=
-20,1,I0lIF/3yY1VKO4+hWPN+xjt6Pqs=,S0Tut8UuMWy6y2c/tKPIfDo0i7A=
-20,2,I0lIF/3yY1VKO4+hWPN+xjt6Pqs=,xsBgGZkU5GcnpT0bcHMMDYx26wo=
-20,3,I0lIF/3yY1VKO4+hWPN+xjt6Pqs=,Ul3f07W0/BqyPYNb8KoHjpJNeWA=
-19,5,I0lIF/3yY1VKO4+hWPN+xjt6Pqs=,Jnr1XIrdyTQ1MP1SOJKf36nPd/s=
-19,4,I0lIF/3yY1VKO4+hWPN+xjt6Pqs=,uMHNyp+3AgndLr2YiwtJJnSFlnY=
-19,6,I0lIF/3yY1VKO4+hWPN+xjt6Pqs=,S0Tut8UuMWy6y2c/tKPIfDo0i7A=
-19,1,I0lIF/3yY1VKO4+hWPN+xjt6Pqs=,lS3Bt9SSt0nRUHCMksGaxD9Qcg4=
-19,0,I0lIF/3yY1VKO4+hWPN+xjt6Pqs=,aZWYDhU4vtZclq/vmGz43yBpPkk=
-19,3,I0lIF/3yY1VKO4+hWPN+xjt6Pqs=,Jg2kyudFamxFb0bm2wLHjXOZA9A=
-19,2,I0lIF/3yY1VKO4+hWPN+xjt6Pqs=,ewzhVJRGnL4NiOVFQnhAdfLDfcE=
-18,4,I0lIF/3yY1VKO4+hWPN+xjt6Pqs=,tS9FO5C85icA3zcxyPyV4uboa5A=
-18,5,I0lIF/3yY1VKO4+hWPN+xjt6Pqs=,UFbm34AgvxslJ0BjgxmFORlTUMM=
-18,2,I0lIF/3yY1VKO4+hWPN+xjt6Pqs=,5TF9zdPeU76d2Rv93T0VKLUl3xo=
-18,3,I0lIF/3yY1VKO4+hWPN+xjt6Pqs=,MOyGGxRYSn2wINKlLWmAnb4sq3M=
-18,0,I0lIF/3yY1VKO4+hWPN+xjt6Pqs=,MOD4/G61I1G6EYNGEiERUHmeyfo=
-18,1,I0lIF/3yY1VKO4+hWPN+xjt6Pqs=,6HZJVhej0Ll20z2iB3avNIl8gQ8=
-17,4,I0lIF/3yY1VKO4+hWPN+xjt6Pqs=,74g5ML2ikVCeJA5MEOcCwZPLN/4=
-17,3,I0lIF/3yY1VKO4+hWPN+xjt6Pqs=,UfI/SNjnrcm5PhkePV1gT6LqReE=
-17,2,I0lIF/3yY1VKO4+hWPN+xjt6Pqs=,o+bFFb2SNXVzNUYB6C/Bg3sPJXU=
-17,1,I0lIF/3yY1VKO4+hWPN+xjt6Pqs=,oYdLC9lYtpqxlB5M80zmqrRlNWw=
-17,0,I0lIF/3yY1VKO4+hWPN+xjt6Pqs=,QHh2nSMb24bYkICkxt15wgiqnGE=
-17,31,skGWGNWgiNbjZou6Wq7EAOT2754=,NYfXdJ0nV8f6xo64nuTmY6mPhaM=
-16,30,skGWGNWgiNbjZou6Wq7EAOT2754=,zdJlnJ2lsIbcPXG90MhnMhISGnk=
-16,31,skGWGNWgiNbjZou6Wq7EAOT2754=,4m7NCJWQPMvJxP5jhz6P6Trg1Q0=
-16,0,skGWGNWgiNbjZou6Wq7EAOT2754=,ar90wQX1OSSPM0pftx2RIYfCQx0=
-16,1,skGWGNWgiNbjZou6Wq7EAOT2754=,dh5nasFtugYSINkreX6mS6yvfiQ=
-16,2,skGWGNWgiNbjZou6Wq7EAOT2754=,5xmyU40otxKwxXpws1mgzNXKFFQ=
-16,3,skGWGNWgiNbjZou6Wq7EAOT2754=,1u+/JYVm08msIX38iQsa0wggKOQ=
-15,29,skGWGNWgiNbjZou6Wq7EAOT2754=,0Kazt0CTJshU1F4A0JqcCClmbJ0=
-15,31,skGWGNWgiNbjZou6Wq7EAOT2754=,4m7NCJWQPMvJxP5jhz6P6Trg1Q0=
-15,30,skGWGNWgiNbjZou6Wq7EAOT2754=,4m7NCJWQPMvJxP5jhz6P6Trg1Q0=
-15,1,skGWGNWgiNbjZou6Wq7EAOT2754=,0NpOuMl5R4IPq/HePp+psx4bM/4=
-15,0,skGWGNWgiNbjZou6Wq7EAOT2754=,vjEi7w5L5b3QBggwUnqLxHEaByE=
-15,3,skGWGNWgiNbjZou6Wq7EAOT2754=,1u+/JYVm08msIX38iQsa0wggKOQ=
-15,2,skGWGNWgiNbjZou6Wq7EAOT2754=,5xmyU40otxKwxXpws1mgzNXKFFQ=
-14,30,skGWGNWgiNbjZou6Wq7EAOT2754=,VzZ+76KZq7qfW4kbwQMoq09wuoE=
-14,31,skGWGNWgiNbjZou6Wq7EAOT2754=,xBxV7ujiD0EIfEm27uPMISSRpy8=
-14,29,skGWGNWgiNbjZou6Wq7EAOT2754=,q6lK8z+fALZiIAsTCcOqiFmt19Q=
-14,0,skGWGNWgiNbjZou6Wq7EAOT2754=,QBbwaSKIXkbfiXFHB/eUKLdtV94=
-14,1,skGWGNWgiNbjZou6Wq7EAOT2754=,5sIPmBXql0BqbmfZHNQwzBMak8M=
-14,10,skGWGNWgiNbjZou6Wq7EAOT2754=,edcOtC/vTRPvvKUYDwE5zh3mXS0=
-14,11,skGWGNWgiNbjZou6Wq7EAOT2754=,edcOtC/vTRPvvKUYDwE5zh3mXS0=
-14,9,skGWGNWgiNbjZou6Wq7EAOT2754=,hogVR1FqZdNTV9gSVLPoWoPwymM=
-14,12,skGWGNWgiNbjZou6Wq7EAOT2754=,edcOtC/vTRPvvKUYDwE5zh3mXS0=
-13,27,skGWGNWgiNbjZou6Wq7EAOT2754=,y7OfBexot+4YLSoDKSX7HfpOt4o=
-13,31,skGWGNWgiNbjZou6Wq7EAOT2754=,X7jaad6WIXVCBEWCO30Zh3Nb/bs=
-13,30,skGWGNWgiNbjZou6Wq7EAOT2754=,GXhW+e67F5YwbtUKqVow8TtBocw=
-13,29,skGWGNWgiNbjZou6Wq7EAOT2754=,2ccNhCd2VEierxxthPOaS1UwMo8=
-13,28,skGWGNWgiNbjZou6Wq7EAOT2754=,JuEfub5ys/YqCnYUCjGsw04GGro=
-13,1,skGWGNWgiNbjZou6Wq7EAOT2754=,z5VqvGQgrMBOJIJH45don9Ff9l4=
-13,0,skGWGNWgiNbjZou6Wq7EAOT2754=,MiMdQrrUeJzC9tYjEeB6AxvkERU=
-13,11,skGWGNWgiNbjZou6Wq7EAOT2754=,k6lHtXbpJpXaj7tspKGolQZ3kQo=
-13,10,skGWGNWgiNbjZou6Wq7EAOT2754=,2spqAUoQK7xy7AQJxxXEwe3dFRk=
-13,9,skGWGNWgiNbjZou6Wq7EAOT2754=,IDeM/sKzg37UyhplICQfvyN/AQk=
-13,8,skGWGNWgiNbjZou6Wq7EAOT2754=,+p5aZclIjOaShDI2zCF1fzkcy5Q=
-13,14,skGWGNWgiNbjZou6Wq7EAOT2754=,6S03oCfV7uMVnWBKDQ9tK3M5Zpg=
-13,13,skGWGNWgiNbjZou6Wq7EAOT2754=,O0SNXovg6IZ1JRtmgTR4iwGYAjM=
-13,12,skGWGNWgiNbjZou6Wq7EAOT2754=,4Rpnamp2Gux4hQNEV9eqzGWxONU=
-12,20,skGWGNWgiNbjZou6Wq7EAOT2754=,lgx63OUbxeZo2dyiw6ao3/nAjs8=
-12,21,skGWGNWgiNbjZou6Wq7EAOT2754=,ctYJBReQUMktFq9LwU/yJJFuqNE=
-12,16,skGWGNWgiNbjZou6Wq7EAOT2754=,3/x+2vZF0xWD0AjX921YY9K3MC4=
-12,17,skGWGNWgiNbjZou6Wq7EAOT2754=,CDZYY1YaEgoZVSWtoG5+frRmdOE=
-12,18,skGWGNWgiNbjZou6Wq7EAOT2754=,nijDQZfwjLq3YfpUlz0MMy3PO2I=
-12,19,skGWGNWgiNbjZou6Wq7EAOT2754=,HglwIyv6Bp/bmspzoLPHfY1nbYE=
-12,28,skGWGNWgiNbjZou6Wq7EAOT2754=,9KlWZAZKBPloBYnzOo6Vf6XCDyk=
-12,29,skGWGNWgiNbjZou6Wq7EAOT2754=,ZK3cEvVbelJLv8eU0bKHJTmkWvY=
-12,30,skGWGNWgiNbjZou6Wq7EAOT2754=,gsrXZ48dBNBQ4lsVPKgm5PaToYU=
-12,25,skGWGNWgiNbjZou6Wq7EAOT2754=,Zqai+m9BYemS+E4ZxJa9hoUDj4s=
-12,26,skGWGNWgiNbjZou6Wq7EAOT2754=,1F6W8D6lzEKzdhFeV+cdWoBekxY=
-12,27,skGWGNWgiNbjZou6Wq7EAOT2754=,lC8Rb8W4Xxi6Uk2eg+A1+oUX5Tw=
-12,6,skGWGNWgiNbjZou6Wq7EAOT2754=,di/KmvXlT5h9kQC8lvWncOzzOyY=
-12,7,skGWGNWgiNbjZou6Wq7EAOT2754=,xYDSuflEpXssVnufbGuLUGlU5u8=
-12,0,skGWGNWgiNbjZou6Wq7EAOT2754=,2COQ2G6UXqt3tGdteVLSxnwI0OI=
-12,1,skGWGNWgiNbjZou6Wq7EAOT2754=,FntcDkyFV/kk7mdEAEj7XcO1CP4=
-12,12,skGWGNWgiNbjZou6Wq7EAOT2754=,3Kfu8qki8CS4cIDjSRGQCIaA9AE=
-12,13,skGWGNWgiNbjZou6Wq7EAOT2754=,+qmRvwdo/LM0W/J39zZih8bp0JU=
-12,14,skGWGNWgiNbjZou6Wq7EAOT2754=,hak/bSptzwV/hdI16Z4zr6cyaoY=
-12,15,skGWGNWgiNbjZou6Wq7EAOT2754=,VWoIUgsWcK7l8aadJGOjczL41AY=
-12,8,skGWGNWgiNbjZou6Wq7EAOT2754=,hH3/Gt+CnYy4u1wCwCVN/xDmvss=
-12,9,skGWGNWgiNbjZou6Wq7EAOT2754=,16/KJRxOzwctrchikB0kM0aZG6c=
-12,10,skGWGNWgiNbjZou6Wq7EAOT2754=,16/KJRxOzwctrchikB0kM0aZG6c=
-12,11,skGWGNWgiNbjZou6Wq7EAOT2754=,VtAcarO99G4uq1529cxkBaRVZwI=
-11,21,skGWGNWgiNbjZou6Wq7EAOT2754=,2BCPEii0LsCITL1qqWE9xLrn69Y=
-11,20,skGWGNWgiNbjZou6Wq7EAOT2754=,5MwEsd6ItMaM+w4hQkHhjAd+Kk4=
-11,23,skGWGNWgiNbjZou6Wq7EAOT2754=,nijDQZfwjLq3YfpUlz0MMy3PO2I=
-11,22,skGWGNWgiNbjZou6Wq7EAOT2754=,4mxjVPky8arsfay1s/jgsTsX/c8=
-11,17,skGWGNWgiNbjZou6Wq7EAOT2754=,ddx6vzzBphS2RWhhdH/kJ1Tpa7o=
-11,16,skGWGNWgiNbjZou6Wq7EAOT2754=,LNAdnPQJoSueJShAURYtMsVY62c=
-11,19,skGWGNWgiNbjZou6Wq7EAOT2754=,zWuPKydPh1zni2NddlftjNbAeBM=
-11,18,skGWGNWgiNbjZou6Wq7EAOT2754=,ARunxugH9GpTWJVFyeSGgehVhJY=
-11,29,skGWGNWgiNbjZou6Wq7EAOT2754=,1EpfeVHSR9Tz0ScbVcuQvbP+U3Y=
-11,28,skGWGNWgiNbjZou6Wq7EAOT2754=,4LNbTqrc3Lgfu9lTjHDuI5l9io8=
-11,31,skGWGNWgiNbjZou6Wq7EAOT2754=,MMp09kp7t1kGaQhk86aIvcoTVls=
-11,30,skGWGNWgiNbjZou6Wq7EAOT2754=,Viy8nAE2Dly+zOh0UPsprqhR6RA=
-11,25,skGWGNWgiNbjZou6Wq7EAOT2754=,yq5xGHvVxKKQsS2dqm3si31mns8=
-11,24,skGWGNWgiNbjZou6Wq7EAOT2754=,RXntBkh1M4gTPTS9aYVKuD3mG58=
-11,27,skGWGNWgiNbjZou6Wq7EAOT2754=,E3E5EAYMU9x4TChqc7lFidwPZ0k=
-11,26,skGWGNWgiNbjZou6Wq7EAOT2754=,uckDJ6fx+3dTkvVwQKpsuToJ/n0=
-11,5,skGWGNWgiNbjZou6Wq7EAOT2754=,9ZWu82Rh22PoErxZIjTq+1qSxO4=
-11,4,skGWGNWgiNbjZou6Wq7EAOT2754=,1u+/JYVm08msIX38iQsa0wggKOQ=
-11,7,skGWGNWgiNbjZou6Wq7EAOT2754=,eYhJ/ZyyUmBLYRtv7IAJq0O7XKk=
-11,6,skGWGNWgiNbjZou6Wq7EAOT2754=,FwRi38iXnEoOYh8EO32no7uneJc=
-11,1,skGWGNWgiNbjZou6Wq7EAOT2754=,sXT3+VDMZ2whKnM1m6mxtc0gD78=
-11,0,skGWGNWgiNbjZou6Wq7EAOT2754=,yULX3mXQsQNa7BvX6aPIdnYWrN0=
-11,3,skGWGNWgiNbjZou6Wq7EAOT2754=,GnKk7fR27peXfDUeWCljbPTICuM=
-11,2,zdv72aU8SM1ZAKtWGZqjXwFjvpc=,oc2m9nGwVbvYXiuD3f+g79gH+To=
-11,13,zdv72aU8SM1ZAKtWGZqjXwFjvpc=,MbIwU2FqzGjEU2xOE2SGL11I2Os=
-11,12,zdv72aU8SM1ZAKtWGZqjXwFjvpc=,GEcuQGWNKH7yDYYRj45bqFCRaj8=
-11,15,zdv72aU8SM1ZAKtWGZqjXwFjvpc=,svzkFhDQ4774N6rAI4MLfI4oICY=
-11,14,zdv72aU8SM1ZAKtWGZqjXwFjvpc=,xeF7ClRu1T/D/tnQ7Y05uirNfhM=
-11,9,zdv72aU8SM1ZAKtWGZqjXwFjvpc=,BHq2lBuubd+AIMxpIok7nru46Ag=
-11,8,zdv72aU8SM1ZAKtWGZqjXwFjvpc=,9TRYWBSO3/rKrIT9hfEZYTWpllk=
-11,11,zdv72aU8SM1ZAKtWGZqjXwFjvpc=,X8MP2+wrt8zJNTIAhy959XI2ovI=
-11,10,zdv72aU8SM1ZAKtWGZqjXwFjvpc=,ZZ77KhPDnpHBXbB9ctmSxp97wQg=
-10,22,zdv72aU8SM1ZAKtWGZqjXwFjvpc=,CfG7MXMZMQ7FLxdjbbsx6YLbHQc=
-10,23,zdv72aU8SM1ZAKtWGZqjXwFjvpc=,nijDQZfwjLq3YfpUlz0MMy3PO2I=
-10,20,zdv72aU8SM1ZAKtWGZqjXwFjvpc=,plxmcRL6afpDUzHkf3d6nLsK4YA=
-10,21,zdv72aU8SM1ZAKtWGZqjXwFjvpc=,VaRhSqJ23lh5a3VltVf3rw05fBA=
-10,18,zdv72aU8SM1ZAKtWGZqjXwFjvpc=,cXlwfFya0yxSK6bV+5OdHclBLVg=
-10,19,zdv72aU8SM1ZAKtWGZqjXwFjvpc=,IAqxgUzrvtLOwc5H9CABvZ7EFdA=
-10,16,zdv72aU8SM1ZAKtWGZqjXwFjvpc=,LNAdnPQJoSueJShAURYtMsVY62c=
-10,17,zdv72aU8SM1ZAKtWGZqjXwFjvpc=,weNTM91AD+90dkmB7jnZ62eJxcA=
-10,30,zdv72aU8SM1ZAKtWGZqjXwFjvpc=,/AzTW5oXX3solY6kqRiwfqb1XlA=
-10,31,zdv72aU8SM1ZAKtWGZqjXwFjvpc=,EkjWen7qovYJq3k2SFgJx7F4X4w=
-10,28,zdv72aU8SM1ZAKtWGZqjXwFjvpc=,f9QHfsu7JONtoWy/H170nxudgik=
-10,29,zdv72aU8SM1ZAKtWGZqjXwFjvpc=,0YKTxSB9+YoqEjZaNLfR/iWabFo=
-10,26,zdv72aU8SM1ZAKtWGZqjXwFjvpc=,V1eHmdJvq++V6uwGbBrNxPUGHhQ=
-10,27,zdv72aU8SM1ZAKtWGZqjXwFjvpc=,EkjWen7qovYJq3k2SFgJx7F4X4w=
-10,24,zdv72aU8SM1ZAKtWGZqjXwFjvpc=,s4spByhI+HWSE8UO1SjKOrv5PM0=
-10,25,zdv72aU8SM1ZAKtWGZqjXwFjvpc=,i10LPo4+HyqUWqFkeYPLLZXROAg=
-10,6,zdv72aU8SM1ZAKtWGZqjXwFjvpc=,KMyPxP2+fw9ItU3R5pOKcRguTBo=
-10,7,zdv72aU8SM1ZAKtWGZqjXwFjvpc=,eYhJ/ZyyUmBLYRtv7IAJq0O7XKk=
-10,4,zdv72aU8SM1ZAKtWGZqjXwFjvpc=,nrarGdY1tJcNosH9fXMI5TB4a/g=
-10,5,zdv72aU8SM1ZAKtWGZqjXwFjvpc=,LW3ept3eGr7lcEJx8alTDzN1HBM=
-10,2,zdv72aU8SM1ZAKtWGZqjXwFjvpc=,J9FJR2KWYK8+wN1rSgAJI3L1CMg=
-10,3,zdv72aU8SM1ZAKtWGZqjXwFjvpc=,hILF81AImQR1YCwTk2e1Qu3KZo8=
-10,0,zdv72aU8SM1ZAKtWGZqjXwFjvpc=,2HLBvRxzMU7kUQ4yaMYE+nznBoU=
-10,1,zdv72aU8SM1ZAKtWGZqjXwFjvpc=,af12j7nuee9kbMgRxkeHQHKKI0k=
-10,14,zdv72aU8SM1ZAKtWGZqjXwFjvpc=,nLLummqhT5LeXU3Wu4jo10fqXIk=
-10,15,zdv72aU8SM1ZAKtWGZqjXwFjvpc=,iti3jELliH6/HqhEiFg0c2lMWJM=
-10,12,zdv72aU8SM1ZAKtWGZqjXwFjvpc=,5y6aw7+ZkhhOZZkQ7FHejBpdwME=
-10,13,zdv72aU8SM1ZAKtWGZqjXwFjvpc=,nLLummqhT5LeXU3Wu4jo10fqXIk=
-10,10,zdv72aU8SM1ZAKtWGZqjXwFjvpc=,uRs0XoWNsqU8SG/EXN2vurOcMm8=
-10,11,zdv72aU8SM1ZAKtWGZqjXwFjvpc=,6AC/pVyHteKZFgR6eySxaDu88oo=
-10,8,zdv72aU8SM1ZAKtWGZqjXwFjvpc=,PEbAutT2LRn2Lj5zURcejUTcKic=
-10,9,zdv72aU8SM1ZAKtWGZqjXwFjvpc=,CqCt9dbn6bt/aoZUJCU8iSP4HVY=
-9,23,zdv72aU8SM1ZAKtWGZqjXwFjvpc=,nijDQZfwjLq3YfpUlz0MMy3PO2I=
-9,22,zdv72aU8SM1ZAKtWGZqjXwFjvpc=,nijDQZfwjLq3YfpUlz0MMy3PO2I=
-9,21,zdv72aU8SM1ZAKtWGZqjXwFjvpc=,b28CxrQQIg6YuKC9PSEBxXXIfeg=
-9,20,zdv72aU8SM1ZAKtWGZqjXwFjvpc=,U5VhXExWUy+BfqAG27Rlu+lMUm8=
-9,19,zdv72aU8SM1ZAKtWGZqjXwFjvpc=,aSvzLDmVYGq/yQ9fUgvOo6nVVCM=
-9,18,zdv72aU8SM1ZAKtWGZqjXwFjvpc=,oV6B3b4T9KjTDgWCpcp6u4vYXZg=
-9,17,zdv72aU8SM1ZAKtWGZqjXwFjvpc=,Pvt5FctjP7nPdO8bWLzEgdUMM1E=
-9,16,zdv72aU8SM1ZAKtWGZqjXwFjvpc=,LNAdnPQJoSueJShAURYtMsVY62c=
-9,31,zdv72aU8SM1ZAKtWGZqjXwFjvpc=,Mp3b5mja/+nJ52BY0NZAUnxv6FE=
-9,30,zdv72aU8SM1ZAKtWGZqjXwFjvpc=,CBxiFN9L/XeIrK6ndNq0Pz60GvA=
-9,29,zdv72aU8SM1ZAKtWGZqjXwFjvpc=,M8Net4bl9sX3nAvJwPOd7w1MzJc=
-9,28,zdv72aU8SM1ZAKtWGZqjXwFjvpc=,z0/l6gdXiQ7bh8rb8ePSgwE43oY=
-9,27,zdv72aU8SM1ZAKtWGZqjXwFjvpc=,RWchR/S1QX5V5i1hgJiQG59Fe5s=
-9,26,zdv72aU8SM1ZAKtWGZqjXwFjvpc=,sLxexuKKnqU+R8TmgU6LTEt2wRI=
-9,25,zdv72aU8SM1ZAKtWGZqjXwFjvpc=,x7pwnfXNTE2GtYXqw3ebj/HgVW4=
-9,24,zdv72aU8SM1ZAKtWGZqjXwFjvpc=,8Vipfl/Ec3loIMISr4COHWlmqAk=
-9,7,zdv72aU8SM1ZAKtWGZqjXwFjvpc=,dv0/deyYa8/vTPt1sac/MvI5Ffg=
-9,6,zdv72aU8SM1ZAKtWGZqjXwFjvpc=,G5GosQZYSK6j6pncgU185uLKkS4=
-9,5,zdv72aU8SM1ZAKtWGZqjXwFjvpc=,hO5Z3vZjGAl40H1hfRlH49EJefo=
-9,4,zdv72aU8SM1ZAKtWGZqjXwFjvpc=,yxqncKDlRZpseFsUAkwl4dybJJw=
-9,3,zdv72aU8SM1ZAKtWGZqjXwFjvpc=,HFt0EOJqoRcSDd36U1Mj5a2fz5Q=
-9,2,zdv72aU8SM1ZAKtWGZqjXwFjvpc=,HFt0EOJqoRcSDd36U1Mj5a2fz5Q=
-9,1,zdv72aU8SM1ZAKtWGZqjXwFjvpc=,qUz0y8hQGiGoGoCGRWS8SB3b8Ro=
-9,0,zdv72aU8SM1ZAKtWGZqjXwFjvpc=,MTbaTD/SwfV3++8wXrzXmi8waQw=
-9,15,zdv72aU8SM1ZAKtWGZqjXwFjvpc=,z64oGdlo6yBNgQ7azPRxzMwixcY=
-9,14,zdv72aU8SM1ZAKtWGZqjXwFjvpc=,nLLummqhT5LeXU3Wu4jo10fqXIk=
-9,13,zdv72aU8SM1ZAKtWGZqjXwFjvpc=,kmUjeM5D4a2YcRDgsKSBir+M+38=
-9,12,zdv72aU8SM1ZAKtWGZqjXwFjvpc=,dyL3ebEIJnOyWnCZrbZcLTv0Yt4=
-9,11,zdv72aU8SM1ZAKtWGZqjXwFjvpc=,3F/dYbj7VCrGWn5oqsN35Jq5gqQ=
-9,10,zdv72aU8SM1ZAKtWGZqjXwFjvpc=,vlxK3SSkrkaCxB9CMm6/WSLAOP4=
-9,9,zdv72aU8SM1ZAKtWGZqjXwFjvpc=,WVoJUQSKyLB9XFc2Wym/dyM8JK0=
-9,8,zdv72aU8SM1ZAKtWGZqjXwFjvpc=,PEbAutT2LRn2Lj5zURcejUTcKic=
-8,24,zdv72aU8SM1ZAKtWGZqjXwFjvpc=,NgJaqG7An2dmlgFXrKPROBBF1bA=
-8,16,zdv72aU8SM1ZAKtWGZqjXwFjvpc=,0G+IkT9wxF7JxYAHrrKx/XZ0Bno=
-8,20,zdv72aU8SM1ZAKtWGZqjXwFjvpc=,0G+IkT9wxF7JxYAHrrKx/XZ0Bno=
-8,21,zdv72aU8SM1ZAKtWGZqjXwFjvpc=,0G+IkT9wxF7JxYAHrrKx/XZ0Bno=
-8,22,zdv72aU8SM1ZAKtWGZqjXwFjvpc=,0G+IkT9wxF7JxYAHrrKx/XZ0Bno=
-8,23,zdv72aU8SM1ZAKtWGZqjXwFjvpc=,0G+IkT9wxF7JxYAHrrKx/XZ0Bno=
-8,8,zdv72aU8SM1ZAKtWGZqjXwFjvpc=,wtQcH6etTIU3FS99bG6/7y3r4AI=
-8,9,zdv72aU8SM1ZAKtWGZqjXwFjvpc=,kBxNg8a9yJZ6YwF0X6fhn902Ypk=
-8,10,zdv72aU8SM1ZAKtWGZqjXwFjvpc=,UC8tyShfA/wtiHpZ8ezKjA9F72w=
-8,11,zdv72aU8SM1ZAKtWGZqjXwFjvpc=,malMMJm4SQKozCrXiFJTwpIYMIw=
-8,12,zdv72aU8SM1ZAKtWGZqjXwFjvpc=,nFAbJDV0kk9kaBKVJJYsiVSel1U=
-8,13,zdv72aU8SM1ZAKtWGZqjXwFjvpc=,fcjMhkA4bQY0vcdtWTKpCsythIY=
-8,14,zdv72aU8SM1ZAKtWGZqjXwFjvpc=,W7x41N8+6geX0iCj/QFYPmAPTGg=
-8,15,zdv72aU8SM1ZAKtWGZqjXwFjvpc=,W7x41N8+6geX0iCj/QFYPmAPTGg=
-8,0,zdv72aU8SM1ZAKtWGZqjXwFjvpc=,iVaAT+hoDbjH8/+XZ31Qk7fHZ4g=
-8,1,zdv72aU8SM1ZAKtWGZqjXwFjvpc=,+ZvBW0d6FstU4AymflKxvGm8bx8=
-8,2,zdv72aU8SM1ZAKtWGZqjXwFjvpc=,Se4MeRV2w0VdyWoSiudD7hrayZg=
-8,3,zdv72aU8SM1ZAKtWGZqjXwFjvpc=,WMtPe/aRh761M9uezCc7uCXXgz8=
-8,4,EbKTpttsCA8zYnmqA6hC3ZScn5M=,IJb824v43byLt90OBeeRn+5kJ6c=
-8,5,EbKTpttsCA8zYnmqA6hC3ZScn5M=,KsbjgVoWFKAdHL4lkwCTyAu8mQo=
-8,6,EbKTpttsCA8zYnmqA6hC3ZScn5M=,p1lbKh74rfQcZC5uoK4Ay9RGw8o=
-8,7,EbKTpttsCA8zYnmqA6hC3ZScn5M=,ovVz/O2AEeE3H9duGCjrATr2gH4=
-7,21,EbKTpttsCA8zYnmqA6hC3ZScn5M=,FQbEe1QZAsJz+yyOflik1qKKiqA=
-7,20,EbKTpttsCA8zYnmqA6hC3ZScn5M=,ZNGsM+8mXQjzyBlMtzATM2V8iGg=
-7,23,EbKTpttsCA8zYnmqA6hC3ZScn5M=,KiD7/EIxLt25jEh6wPXmYlihBh8=
-7,22,EbKTpttsCA8zYnmqA6hC3ZScn5M=,dP7DK8ImOXECXTQ9jXz80EESQrg=
-7,9,EbKTpttsCA8zYnmqA6hC3ZScn5M=,DuHMEnRxhD198cV08tkjGIwHIOQ=
-7,8,EbKTpttsCA8zYnmqA6hC3ZScn5M=,1WNC24Q/US3NGjPyWpoBn4ilvWA=
-7,11,EbKTpttsCA8zYnmqA6hC3ZScn5M=,drqGbVCP646IEztJLOrWLBVmYAo=
-7,10,EbKTpttsCA8zYnmqA6hC3ZScn5M=,aj8asn9Mf42lZixnfxNLsknI330=
-7,13,EbKTpttsCA8zYnmqA6hC3ZScn5M=,fx3V3RN3jdQ4hiVIvsuoS/V6fmc=
-7,12,EbKTpttsCA8zYnmqA6hC3ZScn5M=,Q4d2/yDQwxRjR4lccoHlzeZt6H4=
-7,15,EbKTpttsCA8zYnmqA6hC3ZScn5M=,W7x41N8+6geX0iCj/QFYPmAPTGg=
-7,14,EbKTpttsCA8zYnmqA6hC3ZScn5M=,hKbI+mpwhof6u7LEcVq4a+08/fg=
-7,1,EbKTpttsCA8zYnmqA6hC3ZScn5M=,9fkJsAUpAC55b8KuHu+/TMGHdmQ=
-7,0,EbKTpttsCA8zYnmqA6hC3ZScn5M=,yEJQIk6GUO/PZspcnJvUYd05XDQ=
-7,3,EbKTpttsCA8zYnmqA6hC3ZScn5M=,t3axkC1ErmH05f8Dx5j8wBJjpP4=
-7,2,EbKTpttsCA8zYnmqA6hC3ZScn5M=,H77XTndJL/fGpsCW767f/EKf55c=
-7,5,EbKTpttsCA8zYnmqA6hC3ZScn5M=,Vfe20B1FLo0tHiQxqkmX+u7RMho=
-7,4,EbKTpttsCA8zYnmqA6hC3ZScn5M=,cxW5sg66Dew0JfkVAXg/TN0Fzhk=
-7,7,EbKTpttsCA8zYnmqA6hC3ZScn5M=,Hnk+EgTtCezvbHJiIquKxMrb0/o=
-7,6,EbKTpttsCA8zYnmqA6hC3ZScn5M=,saY/uwkzz/yVre8euBq2UDqfCls=
-6,22,EbKTpttsCA8zYnmqA6hC3ZScn5M=,/uPZ7NajCoPg/dEGNzPwB3srdj4=
-6,23,EbKTpttsCA8zYnmqA6hC3ZScn5M=,URZbVL2UIGfT7Fh2Ju4aZxZKbdg=
-6,20,EbKTpttsCA8zYnmqA6hC3ZScn5M=,VtpxxBABkoGNAB6YsFGyXsz1Ewc=
-6,21,EbKTpttsCA8zYnmqA6hC3ZScn5M=,qXT9LPA3+Gxc/ZXnI3xzVFSgDek=
-6,10,EbKTpttsCA8zYnmqA6hC3ZScn5M=,U8fp3FxfOIhliZt2ulwFYzoUlxg=
-6,11,EbKTpttsCA8zYnmqA6hC3ZScn5M=,DAPDcmi03hX/fe9/YWDNN0ilIMk=
-6,8,EbKTpttsCA8zYnmqA6hC3ZScn5M=,1WNC24Q/US3NGjPyWpoBn4ilvWA=
-6,9,EbKTpttsCA8zYnmqA6hC3ZScn5M=,qfSUNCE2NaPQOd8ODviaDAtatSQ=
-6,14,EbKTpttsCA8zYnmqA6hC3ZScn5M=,xuLan4QWd4ZcTRP5YuCWAhIIAUE=
-6,15,EbKTpttsCA8zYnmqA6hC3ZScn5M=,W7x41N8+6geX0iCj/QFYPmAPTGg=
-6,12,EbKTpttsCA8zYnmqA6hC3ZScn5M=,BKj8VIwGbhwySe1holDWx85SlhM=
-6,13,EbKTpttsCA8zYnmqA6hC3ZScn5M=,f1LQ0LXW4DPAptkakl9KOJsCcdM=
-6,2,EbKTpttsCA8zYnmqA6hC3ZScn5M=,u40+NBG3OM0OHmBQxulRwD/OnSg=
-6,3,EbKTpttsCA8zYnmqA6hC3ZScn5M=,uEgwsxA9kLr3ysWrHti38w26sQ4=
-6,0,EbKTpttsCA8zYnmqA6hC3ZScn5M=,hvkpdlrpCdjO6uzgHUx/niLhghE=
-6,1,EbKTpttsCA8zYnmqA6hC3ZScn5M=,kFX21dnftkV6UMWGZm4Phpg6OG8=
-6,6,EbKTpttsCA8zYnmqA6hC3ZScn5M=,snpWFii/3OXMkNrUV60/zaSVlMY=
-6,7,EbKTpttsCA8zYnmqA6hC3ZScn5M=,6jhf5cpm8UP56G135MLtuebi1F4=
-6,4,EbKTpttsCA8zYnmqA6hC3ZScn5M=,J5CAoAp/MoeoH1h/fO0YvnfhdZg=
-6,5,EbKTpttsCA8zYnmqA6hC3ZScn5M=,x7HpwOQFpKgkL+jFRzTNGJebpVY=
-5,19,EbKTpttsCA8zYnmqA6hC3ZScn5M=,nHb7I++Mlc0U/Gzr4FHxaY8ZppQ=
-5,22,EbKTpttsCA8zYnmqA6hC3ZScn5M=,QkpKS8f4cFsAYFQQbnYknBPU+Vs=
-5,21,EbKTpttsCA8zYnmqA6hC3ZScn5M=,FaYCZrHxfXBg/B41jNVYjlzoNmE=
-5,20,EbKTpttsCA8zYnmqA6hC3ZScn5M=,4Z8c9i4lLnOpl4qd12hKGydzSw4=
-5,8,EbKTpttsCA8zYnmqA6hC3ZScn5M=,3hmD7UpUxml/vmyygY4DHtBsYhQ=
-5,14,EbKTpttsCA8zYnmqA6hC3ZScn5M=,A22SPnnT7TjUb8z1/M6bT2yjCoQ=
-5,13,EbKTpttsCA8zYnmqA6hC3ZScn5M=,j3YRrYIVwKD3lSR7NaYvS6Ys7U0=
-5,12,EbKTpttsCA8zYnmqA6hC3ZScn5M=,CvKp4gLnVI2gowYJQiFIl9jyW7I=
-5,3,EbKTpttsCA8zYnmqA6hC3ZScn5M=,Jyph8JEFximw6+FomVA5u9+h5fk=
-5,2,EbKTpttsCA8zYnmqA6hC3ZScn5M=,xK0x7YbLxWkIOCBAZ6ehHM25ZlY=
-5,1,EbKTpttsCA8zYnmqA6hC3ZScn5M=,kFX21dnftkV6UMWGZm4Phpg6OG8=
-5,0,EbKTpttsCA8zYnmqA6hC3ZScn5M=,hvkpdlrpCdjO6uzgHUx/niLhghE=
-5,7,EbKTpttsCA8zYnmqA6hC3ZScn5M=,EyJLZxOw2YJrEStbkhihMN/wwD8=
-5,6,EbKTpttsCA8zYnmqA6hC3ZScn5M=,oXpWbXtvjyvUtbZ3Z5TEfMpcDKU=
-5,5,EbKTpttsCA8zYnmqA6hC3ZScn5M=,/j4Yi7UCMI8Wa7bpPVdTUXi92WU=
-5,4,EbKTpttsCA8zYnmqA6hC3ZScn5M=,2BANO501PHvrhB2MsMhXA+b7cUU=
-4,24,EbKTpttsCA8zYnmqA6hC3ZScn5M=,NgJaqG7An2dmlgFXrKPROBBF1bA=
-4,20,EbKTpttsCA8zYnmqA6hC3ZScn5M=,vwu0xN65ya73xVdj2nfsbAbyiCI=
-4,21,EbKTpttsCA8zYnmqA6hC3ZScn5M=,HH9uURofbb6r59C4zsCpJKwr2U4=
-4,22,EbKTpttsCA8zYnmqA6hC3ZScn5M=,PRzGef6ccnxb0kYqvq/AnSt8hh0=
-4,23,EbKTpttsCA8zYnmqA6hC3ZScn5M=,TSn8UgR3EeOfSs7O+l0CzpAfoK4=
-4,16,EbKTpttsCA8zYnmqA6hC3ZScn5M=,PY4GbT1K66PLYjRk3ZjBtpmiiqI=
-4,17,EbKTpttsCA8zYnmqA6hC3ZScn5M=,Gpz0QIgrjWSM4mRWuix0IL4IA2g=
-4,18,EbKTpttsCA8zYnmqA6hC3ZScn5M=,roBISLsTpfVFvwkFELA8auxGClE=
-4,19,EbKTpttsCA8zYnmqA6hC3ZScn5M=,TGT63HVybi1por9qa1I4DuOq18w=
-4,12,EbKTpttsCA8zYnmqA6hC3ZScn5M=,G46UqicSjSjGJs6RoH/SMaWZnlk=
-4,13,F1jbCHBNyVpf3v83VX1/lXEkm2A=,J4OedS3VrYB1HJtDHbB85wTAvs0=
-4,14,F1jbCHBNyVpf3v83VX1/lXEkm2A=,e1ZS/IGvtVVEux5dwusMQhnH1IM=
-4,15,F1jbCHBNyVpf3v83VX1/lXEkm2A=,T2PVsuBQAtOhwTIPMaGIIAx6xI8=
-4,8,F1jbCHBNyVpf3v83VX1/lXEkm2A=,7WlpnF3AxWwuXcE3GfpZZZO0FCw=
-4,9,F1jbCHBNyVpf3v83VX1/lXEkm2A=,yf3owyPCl4JXFSpejFixcdGCdr8=
-4,10,F1jbCHBNyVpf3v83VX1/lXEkm2A=,2PuVTQWKo7CSOk+lM82GGGVrI2U=
-4,11,F1jbCHBNyVpf3v83VX1/lXEkm2A=,mYhpEzOwI11f3YwmMny/4rNVbvs=
-4,4,F1jbCHBNyVpf3v83VX1/lXEkm2A=,DnfZLhjsOq34v/0GJiVD8tirYPA=
-4,5,F1jbCHBNyVpf3v83VX1/lXEkm2A=,Z1gGTxESEU9Wpn4q5/b7/CfbXsU=
-4,6,F1jbCHBNyVpf3v83VX1/lXEkm2A=,16iXrSrs700iH3UkYqET8eNnW5I=
-4,7,F1jbCHBNyVpf3v83VX1/lXEkm2A=,7IkHn4TWo8lYqPXXyTOBk38S42E=
-4,0,F1jbCHBNyVpf3v83VX1/lXEkm2A=,/nzejRgv4s+IM/XBHI2o/OXTBaU=
-4,1,F1jbCHBNyVpf3v83VX1/lXEkm2A=,5o5dAMfhzCimgt2SO2gIPr9SOP4=
-4,2,F1jbCHBNyVpf3v83VX1/lXEkm2A=,FEbojeTc7dXfMfUci/R3IsHpN40=
-4,3,F1jbCHBNyVpf3v83VX1/lXEkm2A=,8UZxT801VVhVAfZRzNhg4BASAtA=
-3,24,F1jbCHBNyVpf3v83VX1/lXEkm2A=,3MAPeZ84MQb6BQ8oEpeO78EDUXw=
-3,21,F1jbCHBNyVpf3v83VX1/lXEkm2A=,4OflUDVLSg2kYjD9XdpddpM9aeA=
-3,20,F1jbCHBNyVpf3v83VX1/lXEkm2A=,ei8jgsjOoO6Gg7FYkUmsFkbRXpQ=
-3,23,F1jbCHBNyVpf3v83VX1/lXEkm2A=,K9RLG0zeI+0MIC2AeB9h0yrDME0=
-3,22,F1jbCHBNyVpf3v83VX1/lXEkm2A=,GS+TwR0AQxjFGuiyxWPmbfCNGEQ=
-3,17,F1jbCHBNyVpf3v83VX1/lXEkm2A=,ZBCFSShP9h8h2/SCrFlAU4ZEB2o=
-3,16,F1jbCHBNyVpf3v83VX1/lXEkm2A=,8lUBylKyUM+WFjqy/h8gkvC+mHE=
-3,19,F1jbCHBNyVpf3v83VX1/lXEkm2A=,lWNI7dF2ed2J5RLgPoQT74ttNTg=
-3,18,F1jbCHBNyVpf3v83VX1/lXEkm2A=,t2pknQp+IciKruJxEtuaJVfyXrE=
-3,13,F1jbCHBNyVpf3v83VX1/lXEkm2A=,m312j5sh/MQLV/YE+6UOsGCdfig=
-3,12,F1jbCHBNyVpf3v83VX1/lXEkm2A=,bLd2sWEjX9A379EtqwY5wWTuPDE=
-3,15,F1jbCHBNyVpf3v83VX1/lXEkm2A=,V0RmxJOoznQv7EqBw0edUqFae9k=
-3,14,F1jbCHBNyVpf3v83VX1/lXEkm2A=,JXUai3ugIR7dd5m7wgs7h6OgLEc=
-3,9,F1jbCHBNyVpf3v83VX1/lXEkm2A=,YQ1aooxDKD09porncDX193xAOsM=
-3,8,F1jbCHBNyVpf3v83VX1/lXEkm2A=,BrEBeUZscXFradeQX3IOBwn8ac4=
-3,11,F1jbCHBNyVpf3v83VX1/lXEkm2A=,fvDxUWEslXnERiZHaKNXjhyxi+E=
-3,10,F1jbCHBNyVpf3v83VX1/lXEkm2A=,F62LH6RocJtg0b1cCw7USSXgYXE=
-3,5,F1jbCHBNyVpf3v83VX1/lXEkm2A=,6ZXywyz1AXM89g77p0U6KMPr2Cw=
-3,4,F1jbCHBNyVpf3v83VX1/lXEkm2A=,wOVIEhaSAVHWIl4zS/SuOELtY0Q=
-3,7,F1jbCHBNyVpf3v83VX1/lXEkm2A=,io+wgV0n4iwU09oMD3jreQS02Vc=
-3,6,F1jbCHBNyVpf3v83VX1/lXEkm2A=,uT/PRbpiecKkdl3bMKs1mC2CIDE=
-3,1,F1jbCHBNyVpf3v83VX1/lXEkm2A=,ZNwXLcfeVWwnc1qy98ambTj64mQ=
-3,0,F1jbCHBNyVpf3v83VX1/lXEkm2A=,sLTbOGS2ixRha7RgeJflpGY+KLU=
-3,3,F1jbCHBNyVpf3v83VX1/lXEkm2A=,xmRJsHCNW7r9R/PnVp7KYwl9/ts=
-3,2,F1jbCHBNyVpf3v83VX1/lXEkm2A=,uTdw1vmTa0TDEuBJlu0PMbOFpT4=
-2,20,F1jbCHBNyVpf3v83VX1/lXEkm2A=,0G+IkT9wxF7JxYAHrrKx/XZ0Bno=
-2,18,F1jbCHBNyVpf3v83VX1/lXEkm2A=,R+iuUnJJ4bJ9Q8pUrmpWOZ0n33M=
-2,19,F1jbCHBNyVpf3v83VX1/lXEkm2A=,0G+IkT9wxF7JxYAHrrKx/XZ0Bno=
-2,16,F1jbCHBNyVpf3v83VX1/lXEkm2A=,N6rMmOzi5CFODHtMdV638hgGHyc=
-2,17,F1jbCHBNyVpf3v83VX1/lXEkm2A=,pmIuwb182HTbzW4QlxmMjajo7bs=
-2,14,F1jbCHBNyVpf3v83VX1/lXEkm2A=,RjGmHtvBCsuaGgwxeeFBMHpsWT8=
-2,15,F1jbCHBNyVpf3v83VX1/lXEkm2A=,xV8pD3XQk/z0rRsFyMUE2EQbIT0=
-2,12,F1jbCHBNyVpf3v83VX1/lXEkm2A=,NH/SD7EVFMe1763EC2cSPpk1lW8=
-2,13,F1jbCHBNyVpf3v83VX1/lXEkm2A=,N0dRtVm5EC7ueIihPiKFxh9H2Kk=
-2,10,F1jbCHBNyVpf3v83VX1/lXEkm2A=,JrJNJeelbbdIcIi48CYb6mpnxIo=
-2,11,F1jbCHBNyVpf3v83VX1/lXEkm2A=,hkn/YqOOftMgrlrGN5Kz1hK0W4I=
-2,8,F1jbCHBNyVpf3v83VX1/lXEkm2A=,sjVdhkNqG+UjlMaPRpKed+xEwFA=
-2,9,F1jbCHBNyVpf3v83VX1/lXEkm2A=,0o2vaTAv4Kz7f69Yrf4XnLsUDGc=
-2,6,F1jbCHBNyVpf3v83VX1/lXEkm2A=,efeEj5tevgr4Lg6kRMen0sruGX4=
-2,7,F1jbCHBNyVpf3v83VX1/lXEkm2A=,j8m62kSNclg7WRi0E2WAcrX9JBg=
-2,4,F1jbCHBNyVpf3v83VX1/lXEkm2A=,lofCuGhrVyQl+gx+w+NHfr4qIrM=
-2,5,F1jbCHBNyVpf3v83VX1/lXEkm2A=,zb6TijwhydiLDqTPjnvcJaoC53c=
-2,2,F1jbCHBNyVpf3v83VX1/lXEkm2A=,SIOtIGl56nNx9UmTpgjkzPtgGYk=
-2,3,F1jbCHBNyVpf3v83VX1/lXEkm2A=,TCbMG7FGHS96klFZue6f/MPkhlE=
-2,0,F1jbCHBNyVpf3v83VX1/lXEkm2A=,CdWXwsGyeOZa/3QADkmyxFlRk5E=
-2,1,F1jbCHBNyVpf3v83VX1/lXEkm2A=,6nqIMClzFEbqHs57WZ8Y58u1l6M=
-1,12,F1jbCHBNyVpf3v83VX1/lXEkm2A=,W7x41N8+6geX0iCj/QFYPmAPTGg=
-1,11,F1jbCHBNyVpf3v83VX1/lXEkm2A=,W7x41N8+6geX0iCj/QFYPmAPTGg=
-1,10,9OQ/F+K7QRQ7w+LecHGcyTH7uCA=,OJ6J9oIg8EwM/go8YjgiEM/s7dA=
-1,9,9OQ/F+K7QRQ7w+LecHGcyTH7uCA=,V53+4ohsZthBjljWZFFWEp5ufHU=
-1,8,9OQ/F+K7QRQ7w+LecHGcyTH7uCA=,yGd7pnhR6HfD64Xl8FZDForYzrc=
-1,7,9OQ/F+K7QRQ7w+LecHGcyTH7uCA=,3cpiacDAgnVJQvVk1d2AUIKB754=
-1,6,9OQ/F+K7QRQ7w+LecHGcyTH7uCA=,t958GPalK75KCR2E8gubTDHPhFM=
-1,5,9OQ/F+K7QRQ7w+LecHGcyTH7uCA=,FasBjpjz/VqfSeA7+4s03tNhTZU=
-1,4,9OQ/F+K7QRQ7w+LecHGcyTH7uCA=,Z79mZpFLynIr8ambz9zyU0TCSsw=
-1,3,9OQ/F+K7QRQ7w+LecHGcyTH7uCA=,ifQlo+evJYfxWui1fGgAOAIE4b4=
-1,2,9OQ/F+K7QRQ7w+LecHGcyTH7uCA=,l40VXQUi4LCFCieXVQe0qpKchiM=
-1,1,9OQ/F+K7QRQ7w+LecHGcyTH7uCA=,nY6VYWJa328Pwc+DMixCV7/x3kM=
-1,0,9OQ/F+K7QRQ7w+LecHGcyTH7uCA=,wziiSJeCgN0moWTD+U9Mofu1n0o=
